,Site,WY,Month,Acari,Aeshnidae,Ameletidae,Amphipoda,Amphizoidae,Apataniidae,Arctopsychinae,Athericidae,Baetidae,Belostomatidae,Blephariceridae,Brachycentridae,Caenidae,Calamoceratidae,Calopterygidae,Capniidae,Ceratopogonidae,Chironomidae,Chloroperlidae,Cladocera,Coenagrionidae,Copepoda,Cordulegastridae,Corduliidae,Corydalidae,Decapoda,Dixidae,Dryopidae,Dytiscidae,Elmidae,Empididae,Ephemerellidae,Ephemeridae,Ephydridae,Gastropoda,Glossosomatidae,Gomphidae,Haliplidae,Helicopsychidae,Heptageniidae,Hirudunea,Hydraenidae,Hydrophilidae,Hydropsychidae,Hydroptilidae,Isonychiidae,Isopoda,Lepidostomatidae,Leptoceridae,Leptohyphidae,Leptophlebiidae,Leuctridae,Libellulidae,Limnephilidae,Naucoridae,Nematoda,Nematomorpha,Nemertea,Nemouridae,Odontoceridae,Oligochaeta,Ostracoda,Pelecypoda,Peltoperlidae,Perlidae,Perlodidae,Philopotamidae,Polycentropodidae,Psephenidae,Psychodidae,Psychomyiidae,Pteronarcyidae,Ptilodactylidae,Pyralidae,Rhyacophilidae,Sericostomatidae,Sialidae,Simuliidae,Siphlonuridae,Stratiomyidae,Tabanidae,Tipulidae,Turbellaria,Uenoidae,Unknown,Veliidae,number,insect.taxa,ple.taxa,tri.taxa,ept.p,tol.p,intol.p,hil.in,p.p,insect.score,ple.score,tri.score,ept.score,tol.score,intol.score,hil.score,p.score,ibi.score
1,1,2001,6,9,0,5,0,0,0,0,0,18,0,0,1,0,0,0,0,0,58,1,0,0,0,0,0,10,0,0,0,0,13,0,15,0,0,0,4,0,0,0,103,0,0,0,14,0,0,0,0,0,0,3,4,0,0,0,0,0,0,2,0,22,0,0,0,3,0,0,4,0,0,0,0,0,0,3,0,0,0,0,0,0,2,0,0,0,0,294,16,1,6,63.94557823,0,17.00680272,3.93537415,9.183673469,2,1,3,4,5,4,4,3,26
2,1,2001,11,0,0,0,0,0,0,0,0,3,0,1,1,0,0,0,0,0,0,2,0,0,0,0,0,1,0,0,0,0,3,0,12,0,0,0,9,0,0,0,78,0,0,0,5,0,0,0,0,0,0,14,0,0,0,0,0,0,0,1,0,2,0,0,0,1,3,0,2,0,0,0,0,0,0,1,0,0,0,0,0,0,0,0,0,6,0,145,14,0,6,80.68965517,0,31.03448276,2.979310345,6.206896552,1,1,3,5,5,5,5,2,27
3,1,2002,6,32,0,1,0,0,0,0,0,30,0,0,0,0,0,0,0,0,83,2,0,0,0,0,0,4,0,0,0,0,7,0,12,0,0,0,0,0,0,0,101,0,0,0,13,0,0,0,1,0,0,2,0,0,0,0,0,0,0,9,0,4,0,0,0,5,1,7,0,0,0,0,0,0,0,1,0,0,10,0,0,0,0,2,0,0,0,327,16,1,6,61.46788991,0,13.45565749,4.327217125,14.06727829,2,1,3,4,5,3,3,5,26
4,1,2003,6,0,0,0,0,0,0,0,0,17,0,0,0,0,0,0,0,0,109,0,0,0,0,0,0,0,0,0,0,0,19,0,0,0,0,0,9,0,0,0,0,0,0,0,19,0,0,0,0,0,0,0,0,0,0,0,0,0,0,0,0,4,0,0,0,0,1,62,0,0,0,0,0,0,0,7,0,0,1,0,0,0,0,0,0,0,0,248,6,0,2,8.870967742,0,29.03225806,4.387096774,0.403225806,1,1,1,1,5,5,3,1,18
5,1,2003,10,77,0,0,0,0,0,0,0,18,0,0,3,0,0,0,0,0,33,6,0,0,0,0,0,9,0,0,0,0,52,0,37,0,0,0,15,2,0,0,105,0,0,0,44,0,0,0,2,0,2,6,2,0,3,0,0,0,0,7,0,71,0,0,1,2,2,7,0,0,0,0,0,0,0,2,0,0,0,0,0,0,0,1,0,0,0,509,19,1,9,66.79764244,0,19.44990177,3.838899804,19.44990177,3,1,5,4,5,4,4,5,31
6,1,2004,6,4,0,11,0,0,0,7,0,19,0,0,0,0,0,0,1,0,43,0,0,0,0,0,0,7,0,0,0,0,33,0,10,0,0,0,7,0,0,0,103,0,0,0,13,0,0,0,0,0,0,3,2,0,8,0,0,0,0,4,1,5,0,0,0,10,1,5,0,0,0,0,0,0,0,5,0,0,9,0,0,0,0,1,0,0,0,312,18,1,8,58.01282051,0,22.11538462,3.602564103,9.615384615,2,1,4,3,5,4,5,4,28
7,1,2004,10,15,0,0,0,0,0,0,0,58,0,0,18,0,0,0,0,0,36,3,0,0,0,0,0,2,0,0,0,0,17,0,18,0,0,3,6,0,0,0,128,0,0,0,65,0,0,0,2,0,0,7,1,0,4,0,2,0,0,21,0,30,0,1,0,6,0,0,0,0,0,0,0,0,0,9,0,0,35,0,0,1,0,6,0,0,0,494,20,2,9,64.17004049,1.012145749,17.00404858,3.94534413,6.680161943,3,2,5,4,4,4,4,3,29
8,1,2005,6,5,0,2,0,0,2,5,0,88,0,0,1,0,0,0,0,0,64,3,0,0,0,0,0,4,0,0,0,0,32,0,16,0,0,0,5,0,0,0,198,0,0,0,7,0,0,0,0,0,0,0,0,0,0,0,1,0,0,22,0,3,0,0,0,31,0,11,0,1,0,0,0,0,0,13,0,0,2,0,0,0,2,0,0,0,0,518,19,1,8,73.16602317,0,20.07722008,3.644787645,9.266409266,3,1,4,5,5,4,5,3,30
9,1,2005,10,5,0,4,0,0,0,0,0,17,0,0,1,0,1,0,2,0,20,11,0,0,0,0,0,0,0,0,0,0,40,0,7,0,0,0,47,1,0,0,106,0,0,0,24,0,0,0,53,0,0,35,3,0,0,0,0,0,0,13,0,47,0,0,0,3,0,8,0,0,0,0,0,0,0,2,12,2,5,0,0,0,0,0,0,0,0,469,19,1,8,54.37100213,0,40.08528785,2.921108742,4.690831557,3,1,4,3,5,5,5,2,28
10,1,2006,6,4,0,11,0,0,0,0,0,10,0,0,0,0,0,0,0,0,34,0,0,0,0,0,0,2,0,0,0,0,0,0,9,0,0,0,0,0,0,0,28,0,0,0,2,0,0,0,3,0,0,10,1,0,0,0,0,0,0,4,0,2,0,0,0,10,1,0,0,0,0,0,0,0,0,1,2,0,0,0,0,0,2,3,0,0,0,139,15,1,6,68.34532374,0,38.1294964,3.338129496,14.38848921,2,1,3,4,5,5,5,5,30
11,1,2006,10,2,0,15,0,0,0,0,0,28,0,0,2,0,5,0,4,0,47,8,0,0,0,1,0,4,0,0,0,0,42,1,34,0,0,1,12,1,0,0,53,0,0,0,33,2,0,0,103,0,1,39,3,0,1,0,1,0,1,0,0,15,0,0,0,10,2,0,1,0,0,0,0,0,0,2,19,2,1,0,0,0,0,1,0,0,0,497,27,2,11,45.27162978,0.402414487,48.69215292,2.647887324,7.243460765,4,2,5,2,5,5,5,3,31
12,1,2007,6,8,0,10,0,0,0,2,0,45,0,0,5,0,0,0,0,0,64,0,0,0,0,0,0,2,0,0,0,0,23,2,37,0,0,0,22,0,0,0,199,0,0,0,7,0,0,0,1,0,0,7,0,0,12,0,0,0,0,4,0,6,0,0,0,28,0,1,0,0,0,0,0,0,0,1,1,0,0,0,0,0,2,4,0,0,0,493,17,1,6,72.4137931,0,24.54361055,3.529411765,9.330628803,2,1,3,5,5,4,5,3,28
13,1,2007,10,11,0,0,0,0,0,9,0,77,0,0,6,0,0,0,3,0,52,10,0,0,0,0,0,0,0,0,0,0,17,1,34,0,0,0,5,0,0,0,169,0,0,0,24,0,0,0,0,0,0,21,0,1,0,0,0,0,0,7,0,4,0,0,0,9,5,0,0,0,0,0,0,0,0,8,0,0,31,0,0,0,1,0,0,0,0,505,19,2,8,72.67326733,0.198019802,21.78217822,3.738613861,9.108910891,3,2,4,5,5,4,4,3,30
14,1,2008,6,11,0,0,0,0,0,6,0,37,0,0,1,0,0,0,0,0,65,4,0,0,0,0,0,7,0,0,0,0,40,1,9,0,0,0,2,0,0,0,170,0,0,0,5,0,0,0,0,0,0,3,0,0,3,0,0,0,1,13,0,6,0,0,0,53,0,1,0,0,0,0,1,0,0,6,0,0,50,0,0,0,0,1,5,0,0,496,19,1,9,63.70967742,0.201612903,20.16129032,3.877016129,16.93548387,3,1,5,4,5,4,4,5,31
15,1,2008,10,3,0,0,0,0,0,8,0,24,0,0,7,0,1,0,0,0,10,2,0,0,0,0,0,2,0,0,0,0,28,5,17,0,0,0,66,0,0,0,122,0,0,0,17,0,0,0,2,0,0,8,1,0,0,0,1,0,0,6,0,27,0,0,1,4,5,12,0,1,0,0,0,0,0,5,0,0,18,0,0,0,0,0,0,2,0,405,23,1,11,58.51851852,0,35.0617284,3.088888889,7.160493827,3,1,5,3,5,5,5,3,30
16,1,2009,6,33,0,4,0,0,0,2,0,80,0,0,0,0,0,0,0,0,48,2,0,0,0,0,0,1,0,0,0,0,42,2,32,0,0,1,1,0,0,0,146,0,0,0,7,0,0,0,2,0,0,2,0,0,10,0,1,0,1,33,0,9,0,0,1,18,0,12,0,3,0,0,0,0,0,3,0,0,2,0,0,0,2,2,0,1,0,503,24,2,9,73.35984095,0.397614314,22.26640159,3.719681909,12.12723658,4,2,5,5,5,4,4,5,34
17,1,2009,10,4,0,0,0,0,1,29,0,65,0,0,6,0,0,0,0,0,11,4,0,0,0,0,0,6,0,0,0,0,30,0,9,0,0,0,9,0,0,0,141,0,0,0,48,0,0,0,17,0,0,10,0,0,0,0,0,0,0,26,0,8,0,1,0,11,2,15,0,1,0,0,1,0,0,5,0,0,38,0,0,0,0,3,0,0,0,501,21,1,11,64.07185629,0.199600798,29.14171657,3.441117764,11.77644711,3,1,5,4,5,5,5,4,32
18,1,2010,6,7,0,23,0,0,0,0,0,39,0,0,1,0,0,0,1,0,77,2,0,0,0,0,0,11,0,0,0,0,13,2,41,0,0,0,1,0,0,0,168,0,0,0,12,0,0,0,15,0,0,12,0,0,4,0,1,0,1,12,0,24,0,3,0,15,0,10,0,0,1,0,1,0,0,2,1,0,1,0,0,0,0,4,0,1,0,506,24,1,11,70.15810277,0.988142292,28.65612648,3.551383399,8.300395257,4,1,5,4,4,5,5,3,31
19,1,2010,10,3,0,2,0,0,2,26,0,74,0,0,6,0,0,0,0,0,13,1,0,0,0,0,0,6,0,0,0,0,44,1,18,0,0,0,18,0,0,0,143,0,0,0,34,1,0,0,9,0,0,7,0,0,0,0,0,0,2,11,0,0,0,0,0,7,1,6,0,0,0,0,0,0,0,6,0,0,56,0,0,0,0,0,1,4,0,501,20,1,8,60.47904192,0.399201597,23.95209581,3.536926148,9.580838323,3,1,4,4,5,4,5,4,30
20,1,2011,6,3,0,16,0,0,0,1,0,64,0,0,4,0,0,0,0,1,56,5,0,0,0,0,0,31,0,0,0,0,38,0,45,0,0,0,5,0,0,0,169,0,0,0,5,1,0,0,2,0,0,2,0,0,4,0,3,0,0,1,0,7,0,2,1,21,0,0,0,2,0,0,0,0,0,5,0,1,12,0,0,0,0,0,0,0,0,507,22,1,9,67.85009862,0.394477318,26.42998028,3.400394477,12.62327416,3,1,5,4,5,4,5,5,32
21,1,2011,10,3,0,9,0,0,0,11,0,8,0,0,24,0,0,0,0,0,14,9,0,0,0,0,0,16,0,0,0,0,29,0,20,0,0,0,13,2,0,0,132,0,0,0,23,0,0,0,70,0,0,30,3,0,8,0,1,0,1,7,0,18,0,2,0,5,5,24,0,0,2,0,0,0,0,2,3,0,7,0,0,0,0,4,0,4,0,509,25,1,12,57.36738703,0.982318271,48.33005894,2.842829077,11.00196464,4,1,5,3,4,5,5,4,31
22,1,2012,6,18,0,6,0,0,0,0,0,16,0,0,1,0,0,0,0,0,104,5,0,0,0,0,0,3,0,0,0,0,46,2,17,0,0,0,3,0,0,0,139,0,0,0,7,5,0,0,5,0,0,11,2,0,4,0,4,0,0,6,0,42,0,0,0,11,0,0,0,1,0,0,0,0,2,7,0,0,0,0,0,0,0,5,0,1,0,473,21,1,8,59.83086681,0,14.79915433,4.086680761,10.35940803,3,1,4,3,5,4,4,4,28
23,1,2012,10,6,0,5,0,0,0,0,0,5,0,0,11,0,0,0,4,0,20,10,0,0,0,0,0,5,0,0,0,0,25,2,15,0,0,0,36,0,0,0,42,0,0,0,6,0,0,0,8,0,0,12,1,0,0,0,0,0,1,12,0,33,0,0,0,14,4,5,0,0,0,0,0,0,0,3,3,0,0,0,0,0,1,0,0,0,0,289,20,1,9,60.89965398,0.346020761,49.48096886,2.785467128,14.53287197,3,1,5,4,5,5,5,5,33
24,1,2013,10,4,0,4,0,0,0,14,0,34,0,0,6,0,27,0,0,0,16,34,0,0,0,0,0,4,0,0,0,0,60,1,30,0,0,0,0,0,0,0,87,0,0,0,20,0,0,0,16,0,0,17,3,0,1,0,1,0,2,6,0,12,0,0,0,20,21,11,0,0,0,0,0,0,0,13,3,1,16,0,0,0,2,3,0,0,0,489,25,1,12,66.87116564,0.408997955,43.96728016,2.881390593,21.26789366,4,1,5,4,5,5,5,5,34
25,1,2014,6,7,0,0,0,0,0,0,0,60,0,0,1,0,0,0,0,0,159,4,0,0,0,0,0,1,0,0,0,0,43,2,10,0,0,1,12,0,0,0,95,0,0,0,2,0,0,0,3,0,1,0,0,0,3,0,0,0,0,11,0,7,0,3,0,8,0,2,0,0,0,0,0,0,0,4,5,1,2,0,0,0,1,0,0,5,1,453,20,2,6,46.13686534,0.883002208,11.69977925,4.322295806,5.077262693,3,2,3,3,4,3,3,2,23
26,1,2014,10,13,0,0,0,0,0,6,0,125,0,0,2,0,0,0,0,0,10,1,0,0,0,0,0,0,0,0,0,0,54,0,12,0,0,0,32,0,0,0,107,0,0,0,20,0,0,0,0,0,0,0,0,0,0,0,0,0,0,4,0,2,0,0,2,5,13,3,0,1,7,0,0,0,0,3,0,0,87,0,0,0,0,0,0,0,0,509,17,1,8,57.36738703,1.37524558,15.71709234,3.988212181,7.465618861,2,1,4,3,3,4,4,3,24
27,1,2015,10,38,0,5,0,0,0,0,0,19,0,0,10,0,0,0,1,0,7,11,0,0,0,1,0,7,0,0,0,0,62,2,34,0,0,9,6,2,0,0,139,0,0,0,28,0,0,0,1,0,6,2,0,0,0,0,0,0,5,2,0,12,0,0,0,11,12,6,0,2,0,0,0,0,0,0,3,3,0,0,0,0,0,1,0,1,0,448,26,2,9,70.75892857,3.125,24.33035714,3.5625,20.75892857,4,2,5,4,2,4,5,5,31
28,2,2001,6,2,0,0,0,0,0,0,0,12,0,0,0,0,0,0,0,0,75,1,0,0,0,0,0,2,0,0,2,0,4,0,14,0,0,0,10,0,0,0,69,0,0,0,12,2,0,0,0,0,0,1,0,0,0,0,0,0,0,0,3,20,0,0,0,16,0,0,0,0,0,0,0,0,0,4,0,0,39,0,0,0,2,0,0,0,0,290,14,1,3,47.24137931,0,16.89655172,4.272413793,7.931034483,1,1,2,3,5,4,3,3,22
29,2,2001,11,0,0,2,0,0,0,0,0,19,0,0,16,1,0,0,0,0,8,0,0,0,0,0,0,1,0,0,0,0,2,0,15,0,0,1,12,0,0,0,55,0,0,0,13,1,2,0,0,0,1,4,0,0,0,0,0,0,0,3,0,3,0,0,12,8,0,0,0,0,0,0,0,0,0,2,0,0,2,0,0,0,0,0,0,9,0,192,19,1,5,73.95833333,1.041666667,39.0625,2.885416667,5.208333333,3,1,3,5,4,5,5,2,28
30,2,2002,6,7,0,0,0,0,0,0,0,18,0,0,0,0,0,0,0,0,91,0,0,0,0,0,0,1,0,0,0,0,3,1,5,0,0,0,0,0,0,0,79,0,0,0,5,1,0,0,0,0,0,7,0,0,0,0,0,0,0,12,0,4,0,0,0,17,0,0,0,1,0,0,0,0,0,9,1,10,27,0,0,0,0,1,0,0,0,300,16,1,4,50,0,14,4.336666667,12.66666667,2,1,2,3,5,3,3,5,24
31,2,2002,10,7,0,0,0,0,0,0,0,37,0,0,9,0,0,0,0,0,34,6,0,0,0,0,0,0,0,0,0,0,3,0,32,0,0,0,2,0,0,0,71,0,0,0,26,1,0,0,0,0,0,10,1,0,0,0,1,0,0,5,0,8,0,0,0,0,6,0,0,0,0,0,0,0,0,3,0,0,34,0,0,0,1,0,0,0,0,297,16,1,7,65.31986532,0,24.24242424,3.872053872,6.734006734,2,1,4,4,5,4,4,3,27
32,2,2003,6,4,0,0,0,0,3,0,0,40,0,0,0,0,0,0,0,0,255,0,0,0,0,0,0,0,0,0,0,0,0,1,6,0,0,2,11,1,0,0,88,0,0,0,2,0,0,0,0,0,0,0,0,0,0,0,0,0,0,28,0,11,0,1,0,6,0,0,0,0,0,0,1,0,0,8,1,0,26,0,0,0,1,4,0,0,0,500,17,2,7,39,0.6,11.2,4.806,3.2,2,2,4,2,4,3,2,1,20
33,2,2003,10,1,0,5,0,0,0,0,0,38,0,0,5,0,0,0,0,0,109,0,0,0,0,0,0,0,0,0,0,0,16,3,4,0,0,2,5,0,0,0,142,0,0,0,54,3,0,0,1,0,0,1,0,0,1,0,0,0,0,33,0,4,0,0,0,9,3,0,0,0,0,0,1,0,0,4,0,0,41,0,0,0,1,11,0,0,0,497,19,2,7,52.3138833,0.402414487,13.68209256,4.271629779,6.036217304,3,2,4,3,5,3,3,2,25
34,2,2004,6,1,0,0,0,0,0,0,0,21,0,0,1,0,0,0,0,0,63,0,0,0,0,0,0,0,0,0,0,0,24,0,24,0,0,3,88,3,0,0,172,0,0,0,11,0,0,0,0,0,0,1,0,0,15,0,0,0,0,12,0,15,0,5,0,7,4,0,0,0,0,0,0,0,0,8,0,1,35,0,0,0,2,2,0,0,0,518,19,2,7,52.12355212,1.544401544,26.83397683,3.472972973,3.474903475,3,2,4,3,3,4,5,1,25
35,2,2004,10,15,0,0,0,0,2,0,0,18,0,0,8,0,0,0,0,0,24,4,0,0,0,0,0,2,0,0,0,0,25,1,19,0,0,1,7,0,0,0,130,0,0,0,41,2,0,0,3,0,0,16,1,0,0,0,2,0,0,28,0,18,0,0,0,13,2,8,0,0,0,0,0,0,0,1,0,0,9,0,0,0,0,2,0,0,0,402,21,2,10,69.40298507,0.248756219,28.10945274,3.57960199,10.19900498,3,2,5,4,5,5,5,4,33
36,2,2005,6,11,0,0,0,0,0,0,0,81,0,0,8,0,2,0,0,0,62,10,0,0,0,0,0,1,0,0,0,0,18,0,6,0,0,2,39,2,0,0,88,0,0,0,31,2,0,0,2,0,0,5,0,0,18,0,0,0,2,25,0,14,0,7,0,21,8,0,1,0,0,0,0,0,0,7,0,0,41,0,0,0,1,6,0,1,0,522,23,2,10,56.89655172,2.107279693,24.5210728,3.760536398,12.2605364,3,2,5,3,2,4,4,5,28
37,2,2005,10,2,0,0,0,0,0,0,0,75,0,0,31,0,0,0,0,0,29,7,0,0,0,0,0,0,0,0,0,0,24,0,9,0,0,3,25,5,0,0,141,0,0,0,48,0,0,0,0,0,0,1,0,0,12,0,0,0,0,5,0,3,0,1,0,15,6,0,0,0,0,0,0,0,0,5,0,0,47,0,0,0,3,13,0,0,0,510,19,2,8,61.76470588,0.784313725,20,3.801960784,9.411764706,3,2,4,4,4,4,4,4,29
38,2,2006,6,9,0,0,0,0,0,0,0,38,0,0,0,0,0,0,0,0,182,5,0,0,0,0,0,1,0,0,0,0,8,1,10,0,0,0,15,0,0,0,80,0,0,0,1,5,0,0,0,0,0,2,0,0,13,0,2,0,0,10,0,26,0,0,0,34,0,1,0,0,0,0,0,0,0,13,0,0,35,0,0,0,0,6,0,0,0,497,16,1,6,44.66800805,0,15.69416499,4.3722334,12.27364185,2,1,3,2,5,4,3,5,25
39,2,2006,10,2,0,0,0,0,0,0,0,89,0,0,28,0,0,0,0,0,55,8,0,0,0,0,0,0,0,0,0,0,19,2,11,0,0,2,4,0,0,0,95,0,0,0,36,4,0,0,1,0,0,12,0,0,7,0,0,0,0,9,0,14,0,0,0,28,15,0,0,0,0,0,0,0,0,2,1,0,46,0,0,0,1,0,0,0,0,491,17,2,6,63.95112016,0.407331976,23.82892057,3.908350305,12.01629328,2,2,3,4,5,4,4,4,28
40,2,2007,6,23,0,0,0,0,0,0,0,45,0,0,2,0,0,0,0,0,171,4,0,0,0,0,0,2,0,0,0,0,16,0,11,0,0,1,8,1,0,0,88,0,0,0,19,0,0,0,19,0,0,6,2,0,14,0,0,0,0,21,0,5,0,16,0,28,0,0,0,0,0,0,0,0,0,10,0,0,23,0,0,0,0,0,0,12,0,547,19,2,7,46.06946984,3.10786106,18.82998172,4.191956124,10.60329068,3,2,4,3,2,4,4,4,26
41,2,2007,10,3,0,5,0,0,0,0,0,77,0,0,37,0,0,0,0,0,83,18,0,0,0,0,0,0,0,0,0,0,14,1,23,0,0,1,0,0,0,0,54,0,0,0,85,7,0,0,6,0,0,9,0,0,0,0,1,0,0,30,0,4,0,0,1,11,4,0,0,0,0,0,4,0,0,1,1,0,47,0,0,0,1,2,0,0,0,530,22,2,10,53.77358491,0.188679245,28.11320755,3.864150943,8.679245283,3,2,5,3,5,5,4,3,30
42,2,2008,6,1,0,0,0,0,0,0,0,73,0,0,1,0,0,0,0,1,64,0,0,0,0,0,0,0,0,0,0,0,13,0,3,0,0,3,3,3,0,0,91,0,0,0,3,0,0,0,2,0,0,6,0,0,3,0,0,3,0,22,0,13,0,2,0,18,0,0,1,0,0,0,0,0,1,12,0,1,152,0,0,0,0,4,0,0,0,499,20,2,7,48.09619238,1.002004008,11.62324649,4.541082164,5.811623246,3,2,4,3,4,3,3,2,24
43,2,2008,10,3,0,0,0,0,0,0,0,84,0,0,92,0,0,0,0,0,62,11,0,0,0,0,0,1,0,0,0,0,22,1,18,0,0,2,7,1,0,0,86,0,0,0,34,5,0,0,14,0,0,13,0,0,4,0,0,0,0,15,0,13,0,1,0,19,5,0,0,0,0,0,1,0,0,5,0,0,17,0,0,0,1,5,0,0,0,542,22,2,9,68.08118081,0.553505535,36.34686347,3.603321033,9.409594096,3,2,5,4,4,5,5,4,32
44,2,2009,6,6,0,0,0,0,0,0,0,179,0,0,0,0,0,0,1,0,82,2,0,1,0,0,0,0,0,0,0,0,5,1,2,0,1,1,16,0,0,0,100,0,0,0,4,0,0,0,0,0,0,11,0,0,23,0,0,0,0,4,0,20,0,1,0,14,0,0,0,0,0,0,1,0,0,4,0,0,1,0,0,0,0,6,0,0,0,486,20,2,8,71.60493827,0.617283951,10.49382716,4.076131687,6.172839506,3,2,4,5,4,3,4,2,27
45,2,2009,10,2,0,0,0,0,0,0,0,108,0,0,35,0,1,0,0,0,35,17,0,0,0,0,0,1,0,0,0,0,11,0,35,0,0,3,4,0,0,0,117,0,0,0,8,0,0,0,9,0,0,5,0,0,6,0,0,0,0,9,0,60,1,4,0,5,5,0,0,0,0,0,0,0,0,4,0,0,8,0,0,0,0,9,0,0,0,502,20,2,10,82.8685259,1.593625498,25.09960159,3.735059761,7.768924303,3,2,5,5,3,4,4,3,29
46,2,2010,6,5,0,0,0,0,0,0,0,70,0,0,2,0,0,0,0,0,52,2,0,1,0,1,0,2,0,0,0,0,3,0,17,0,0,16,2,2,0,0,165,0,0,0,0,0,0,0,4,0,0,20,0,0,8,0,2,0,0,26,0,53,0,17,0,4,0,0,0,0,0,0,1,0,0,5,1,10,1,0,0,0,2,6,0,3,0,503,25,2,9,81.11332008,6.75944334,16.50099404,4.105367793,6.560636183,4,2,5,5,1,4,4,2,27
47,2,2010,10,1,0,0,0,0,0,2,0,82,0,0,27,0,0,0,0,0,15,0,0,0,0,0,0,0,0,0,0,0,6,1,10,0,0,3,7,0,0,0,216,0,0,0,15,0,0,0,9,0,0,12,0,0,6,0,0,0,0,32,0,2,0,1,0,6,4,0,0,0,0,0,0,0,0,1,0,0,38,0,0,0,0,6,0,3,0,505,19,2,8,80,0.792079208,21.58415842,3.754455446,3.96039604,3,2,4,5,4,4,4,1,27
48,2,2011,6,9,0,4,0,0,0,0,0,35,0,0,33,0,3,0,11,1,105,7,0,0,0,0,0,0,0,0,0,0,7,1,54,0,0,0,0,1,0,0,61,0,0,0,19,2,0,0,28,0,0,13,0,0,5,0,0,0,0,37,0,14,2,3,0,9,0,0,0,0,0,0,22,0,0,1,1,4,0,0,0,0,1,3,0,2,0,498,25,1,11,64.45783133,1.004016064,44.57831325,3.331325301,7.429718876,4,1,5,4,4,5,5,3,31
49,2,2011,10,4,0,2,0,0,3,0,0,63,0,0,16,0,0,0,0,0,45,5,0,0,0,0,0,1,0,0,0,0,4,1,52,0,0,6,0,0,0,0,114,0,0,0,24,0,0,0,25,0,0,16,1,0,1,0,0,0,0,34,0,10,0,2,0,3,13,0,0,0,0,0,0,0,0,7,0,10,7,0,0,0,0,2,0,1,0,472,24,2,10,73.30508475,1.694915254,36.22881356,3.347457627,8.262711864,4,2,5,5,3,5,5,3,32
50,2,2012,6,18,0,0,0,0,0,0,0,3,0,0,1,0,0,0,0,0,216,2,0,0,0,0,0,1,0,0,0,0,4,1,13,0,0,7,3,4,0,0,15,0,0,0,0,1,0,0,37,0,0,5,4,0,10,0,0,0,0,12,0,5,0,5,0,9,0,0,0,0,0,0,0,0,0,4,0,5,1,0,0,0,0,3,0,1,0,390,22,2,8,26.15384615,3.076923077,22.30769231,4.58974359,11.28205128,3,2,4,1,2,4,2,4,22
51,2,2012,10,18,0,8,0,0,0,0,0,70,0,0,66,0,6,0,22,2,210,14,0,0,0,0,0,0,0,0,0,0,14,2,108,0,0,0,0,2,0,0,122,0,0,0,38,4,0,0,56,0,0,26,0,0,10,0,0,0,0,74,0,28,4,6,0,18,44,0,0,0,0,0,0,0,0,2,2,8,0,0,0,0,2,6,0,4,0,996,25,1,11,64.45783133,1.004016064,44.57831325,3.419678715,11.84738956,4,1,5,4,4,5,5,4,32
52,2,2013,10,5,0,10,0,0,4,0,0,40,0,0,49,0,0,0,0,1,96,20,0,0,0,1,0,1,0,0,0,0,8,2,56,0,0,0,1,0,0,0,33,0,0,0,29,4,0,0,30,0,0,14,1,0,0,0,0,0,0,18,0,16,0,2,0,9,23,0,0,0,0,0,0,0,0,4,0,10,6,0,0,0,1,5,0,0,0,499,25,1,10,61.32264529,0.400801603,47.69539078,3.304609218,16.23246493,4,1,5,4,5,5,5,5,34
53,2,2014,6,0,0,0,0,0,0,0,0,20,0,0,0,0,0,0,0,2,356,0,0,0,0,4,0,0,0,0,0,0,7,0,3,0,0,5,0,2,0,0,10,0,0,0,1,0,0,0,2,2,0,26,0,0,12,0,0,0,0,15,0,21,0,14,0,2,0,0,0,0,0,0,0,0,0,1,2,8,2,0,0,0,1,0,0,3,0,521,18,1,4,22.45681382,3.646833013,10.17274472,5.305182342,3.454894434,2,1,2,1,2,3,1,1,13
54,2,2014,10,1,0,1,0,0,1,0,0,76,0,0,6,0,1,0,0,0,111,8,0,0,0,0,0,0,0,0,0,0,8,0,23,0,0,3,2,1,0,0,35,0,0,0,6,0,0,0,7,0,1,15,0,0,7,0,0,0,0,6,0,9,0,9,0,5,5,1,0,0,0,0,0,0,0,1,1,12,49,0,0,0,1,2,0,2,0,416,25,2,10,50,2.884615385,19.71153846,4.365384615,8.173076923,4,2,5,3,2,4,3,3,26
55,2,2015,10,2,0,0,0,0,0,0,0,59,0,0,0,0,0,0,0,1,22,0,0,0,0,0,0,1,0,0,0,0,12,0,0,0,0,1,0,0,0,0,73,0,0,0,0,0,0,0,0,0,0,15,0,0,0,0,0,0,0,0,0,18,0,19,0,0,0,0,0,1,0,0,0,0,0,0,0,0,59,0,0,0,1,1,0,0,0,285,15,2,3,66.31578947,7.01754386,5.964912281,4.8,1.754385965,2,2,2,4,1,2,2,1,16
56,4,2001,6,7,0,0,0,0,0,0,0,107,0,0,0,0,0,0,0,0,58,0,0,0,0,0,0,0,0,0,0,0,16,1,3,0,0,29,0,2,0,0,1,0,0,0,1,0,0,0,0,0,0,0,0,0,7,0,0,1,0,0,0,40,0,0,0,0,0,0,0,0,0,0,0,0,0,1,0,2,9,0,0,0,0,0,0,0,0,285,13,2,2,65.96491228,10.1754386,1.403508772,4.887719298,4.210526316,1,2,1,4,1,1,2,1,13
57,4,2001,11,1,0,0,0,0,0,0,0,68,0,0,0,0,0,0,0,0,1,7,0,0,0,0,0,0,0,0,0,0,17,0,70,0,0,3,4,0,0,0,41,0,0,0,19,0,0,0,2,0,2,0,0,0,0,0,0,0,0,1,0,1,0,0,0,3,1,0,0,0,0,0,0,0,0,3,0,0,0,0,0,0,3,0,0,21,0,268,15,2,5,75,1.119402985,33.95522388,2.686567164,4.47761194,2,2,3,5,4,5,5,2,28
58,4,2002,6,2,0,0,0,0,0,0,0,52,0,0,0,0,0,0,0,0,40,0,0,0,0,0,0,0,0,0,0,0,9,0,4,0,0,6,52,0,0,0,9,0,0,0,5,0,0,0,2,0,0,0,0,0,1,0,1,0,0,0,0,19,0,2,0,0,0,0,0,0,0,0,0,0,0,1,0,0,96,0,0,0,6,0,0,0,0,307,12,2,3,32.8990228,2.605863192,20.84690554,4.273615635,0.651465798,1,2,2,2,2,4,3,1,17
59,4,2002,10,5,0,0,0,0,0,0,0,127,0,0,0,0,0,0,0,0,16,1,0,0,0,0,0,2,0,0,0,0,51,0,6,0,0,4,14,1,0,0,14,0,0,0,69,0,0,0,3,0,0,0,0,0,0,0,0,0,0,0,0,16,0,0,0,0,0,0,0,0,0,0,0,0,0,0,0,0,9,0,0,0,2,0,0,0,0,340,13,2,2,51.47058824,1.176470588,8.235294118,3.961764706,2.647058824,1,2,1,3,4,2,4,1,18
60,4,2003,6,9,0,0,0,0,0,0,0,94,0,0,0,0,0,0,0,0,32,0,0,0,0,0,0,2,0,0,0,0,3,0,3,0,0,1,4,1,0,0,5,0,0,0,7,0,0,0,0,0,0,0,0,0,0,0,0,0,0,0,0,14,0,2,0,0,1,0,0,0,0,0,0,0,0,5,0,0,312,0,0,0,5,0,0,0,0,500,14,2,3,26.8,0.6,3,5.324,2.6,1,2,2,1,4,1,1,1,13
61,4,2003,10,5,0,0,0,0,0,0,0,173,0,0,0,0,0,0,0,0,21,3,0,0,0,0,0,0,0,0,0,0,33,0,27,0,0,1,22,0,0,0,46,1,0,0,144,0,0,0,0,0,3,0,0,0,0,0,0,0,0,0,0,2,0,0,0,0,1,0,0,1,0,0,0,0,0,8,0,0,9,0,0,0,3,0,0,0,0,503,15,3,3,52.68389662,0.397614314,11.1332008,3.723658052,1.988071571,2,3,2,3,5,3,4,1,23
62,4,2004,6,6,0,0,0,0,0,0,0,113,0,0,0,0,0,0,0,0,69,0,0,0,0,0,0,0,0,0,0,0,19,0,11,0,0,11,2,0,0,0,8,0,0,0,9,0,0,0,0,0,0,1,0,0,0,0,0,0,0,0,0,33,0,0,0,0,0,0,0,0,0,0,0,0,0,5,2,0,195,0,0,0,1,0,0,0,0,485,11,2,1,37.93814433,2.268041237,3.092783505,5.088659794,1.237113402,1,2,1,2,2,1,1,1,11
63,4,2004,10,0,0,0,0,0,0,0,0,105,0,0,3,0,0,0,0,0,11,0,0,0,0,0,0,1,0,0,0,0,28,5,39,0,0,10,0,1,0,0,32,0,0,0,174,0,0,0,0,0,3,0,0,0,0,0,0,0,0,0,0,0,44,7,0,0,6,0,0,1,0,0,0,0,0,1,0,1,25,0,0,0,3,0,0,0,0,500,18,1,4,50.4,12.2,10.4,4.346,2.8,2,1,2,3,1,3,3,1,16
64,4,2005,6,2,0,0,0,0,0,0,0,202,0,0,2,0,0,0,0,0,71,1,0,0,0,0,0,1,0,2,0,1,21,4,11,0,0,0,7,0,0,0,6,0,0,0,4,1,0,0,1,0,0,0,0,0,1,0,3,0,1,0,0,26,0,1,0,7,0,0,0,0,0,0,1,0,0,5,0,0,126,0,0,0,2,0,0,0,0,510,20,1,8,51.96078431,0.392156863,6.862745098,4.623529412,3.529411765,3,1,4,3,5,2,2,1,21
65,4,2005,10,2,0,0,2,0,0,0,0,222,0,0,5,0,0,0,0,0,6,0,0,0,0,0,0,0,0,0,0,0,33,0,31,0,0,8,2,0,0,0,11,0,0,0,117,0,0,0,9,0,4,0,0,0,0,0,0,0,8,0,0,6,0,0,0,0,2,0,0,0,0,0,0,0,0,2,0,0,17,0,0,0,9,0,0,0,0,496,15,3,4,62.5,3.225806452,11.69354839,3.911290323,2.419354839,2,3,2,4,2,3,4,1,21
66,4,2006,6,3,0,0,0,0,0,0,0,40,0,0,0,0,0,0,0,0,80,0,0,0,0,0,0,0,0,0,0,0,10,1,11,0,0,0,0,0,0,0,16,0,1,0,13,0,0,0,2,0,0,0,0,0,0,0,0,0,0,5,0,117,0,0,0,2,0,0,0,0,0,0,0,0,0,12,0,0,219,0,0,0,1,0,0,0,0,533,13,1,3,36.58536585,0,3.939962477,5.157598499,1.125703565,1,1,2,2,5,1,1,1,14
67,4,2006,10,2,0,0,0,0,0,0,0,70,0,0,3,0,0,0,0,0,6,4,0,0,0,0,0,0,0,0,0,0,27,0,122,0,0,0,1,0,0,0,95,0,0,0,111,0,0,0,8,0,0,0,0,0,0,0,0,0,5,0,0,4,0,0,0,1,10,0,0,0,0,0,0,0,0,2,0,0,23,0,0,0,1,0,0,0,0,495,14,1,6,64.04040404,1.01010101,30.3030303,3.278787879,4.444444444,1,1,3,4,4,5,5,2,25
68,4,2007,6,4,0,0,0,0,0,0,0,157,0,0,1,0,0,0,0,1,94,1,0,0,0,0,0,0,0,0,0,0,15,0,7,0,0,4,4,0,0,0,16,0,0,0,6,0,0,0,13,0,0,0,0,0,0,0,3,0,0,2,0,31,0,1,0,3,0,0,0,0,0,0,1,0,0,9,0,0,113,0,0,0,9,0,0,0,0,495,18,2,8,48.48484848,1.01010101,8.282828283,4.662626263,1.818181818,2,2,4,3,4,2,2,1,20
69,4,2007,10,1,0,1,1,0,0,0,0,150,0,0,6,0,0,0,0,0,7,9,0,0,0,0,0,0,0,0,0,0,15,1,141,0,0,0,0,2,0,0,58,0,0,0,62,0,0,0,18,0,0,1,0,0,0,0,0,0,1,1,0,1,0,0,0,2,4,0,0,0,0,0,0,0,0,0,1,0,6,0,0,0,0,0,0,0,0,489,19,2,7,77.09611452,0.204498978,37.42331288,2.973415133,4.08997955,3,2,4,5,5,5,5,1,30
70,4,2008,6,5,0,0,1,0,0,0,0,219,0,0,1,0,0,0,1,1,13,0,0,0,0,0,0,0,0,1,0,0,45,0,21,0,0,28,5,1,0,0,15,0,0,0,3,0,0,0,0,0,0,0,0,0,0,0,2,0,2,1,0,55,0,0,0,1,1,1,0,0,0,0,0,0,0,17,1,0,49,0,0,0,2,0,0,11,0,503,22,3,8,70.57654076,5.964214712,6.958250497,4.129224652,2.186878728,3,3,4,4,1,2,4,1,22
71,4,2008,10,1,0,0,0,0,1,0,0,65,0,0,17,0,0,0,0,0,12,11,0,0,0,0,0,0,0,0,0,0,47,0,58,0,0,1,10,1,0,0,58,0,0,0,100,1,0,0,43,0,0,0,0,0,0,0,0,0,4,2,0,9,0,0,0,0,11,0,0,0,0,0,0,0,0,3,0,0,24,0,0,0,2,2,0,0,0,483,18,2,8,50.10351967,1.035196687,32.09109731,3.306418219,6.418219462,2,2,4,3,4,5,5,2,27
72,4,2009,6,1,0,0,0,0,0,0,0,188,0,0,2,0,0,0,0,0,27,0,0,0,0,0,0,0,0,0,0,0,16,0,0,0,0,0,0,0,0,0,7,0,0,0,3,0,0,0,0,0,0,0,0,0,0,0,2,0,0,0,0,19,0,6,0,6,0,0,0,0,0,0,0,0,0,9,0,0,190,0,0,0,19,5,0,0,0,500,13,1,6,51,1.2,5.4,4.81,2.4,1,1,3,3,3,2,2,1,16
73,4,2009,10,1,0,0,2,0,0,0,0,64,0,0,12,0,0,0,0,0,11,9,0,0,0,0,0,0,0,1,0,0,28,0,69,0,0,5,0,0,0,0,76,0,0,0,120,0,0,0,29,0,0,0,0,0,0,0,0,0,0,1,0,8,0,1,0,0,7,0,0,0,0,0,0,0,0,4,0,0,0,0,48,0,1,3,0,1,0,501,19,3,7,51.69660679,10.77844311,25.74850299,3.740518962,3.992015968,3,3,4,3,1,4,4,1,23
74,4,2010,6,18,0,0,0,0,0,0,0,241,0,0,0,0,0,0,0,0,64,0,0,0,0,0,0,0,0,0,0,0,5,0,2,0,0,2,1,1,0,0,35,0,0,0,0,0,0,0,0,0,0,0,0,0,0,0,2,0,0,1,0,46,0,1,0,0,1,0,0,1,2,0,0,0,0,0,0,0,36,0,0,1,8,3,0,0,0,471,19,2,6,76.43312102,1.27388535,2.760084926,4.573248408,5.095541401,3,2,3,5,3,1,3,2,22
75,4,2010,10,2,0,0,1,0,0,0,0,52,0,0,7,0,0,0,0,0,10,4,0,0,0,0,0,0,0,0,0,0,15,4,80,0,0,22,0,0,0,0,58,0,0,0,130,0,0,0,48,0,0,3,0,0,0,0,0,0,0,6,0,18,0,3,0,0,4,0,0,0,1,0,0,0,0,0,0,0,37,0,0,0,4,14,0,1,0,524,21,3,7,53.05343511,4.961832061,29.77099237,3.559160305,5.34351145,3,3,4,3,1,5,5,2,26
76,4,2011,6,2,0,0,0,0,0,0,0,127,0,0,5,0,0,0,0,0,190,0,0,0,0,0,0,0,0,0,0,0,0,0,44,0,0,0,0,0,0,0,58,0,0,0,9,6,0,0,2,0,0,0,0,0,0,0,1,0,0,0,0,24,0,2,0,0,0,0,0,0,0,0,0,0,0,5,0,0,9,0,0,0,2,1,0,1,0,488,13,1,5,54.50819672,0.409836066,10.86065574,4.540983607,1.844262295,1,1,3,3,5,3,3,1,20
77,4,2011,10,10,0,0,0,0,0,0,0,84,0,0,15,0,0,0,0,0,4,13,0,0,0,0,0,0,0,0,0,0,12,1,107,0,0,7,0,0,0,0,93,0,0,0,57,0,0,0,48,0,0,3,0,0,0,0,0,0,0,1,0,14,0,0,1,0,5,0,0,0,0,0,0,0,0,0,0,0,8,0,0,0,2,2,0,0,0,487,18,2,7,73.30595483,1.437371663,40.04106776,3.032854209,6.36550308,2,2,4,5,3,5,5,2,28
78,4,2012,6,8,0,0,1,0,0,0,0,135,0,0,3,11,0,0,0,0,177,4,0,0,0,0,0,0,0,1,0,0,18,0,0,0,0,1,1,0,0,0,43,0,0,0,5,4,0,0,0,0,0,0,0,0,0,0,3,0,0,0,0,15,0,1,0,0,6,0,0,0,0,0,0,0,0,3,0,1,6,0,0,0,16,0,0,0,0,463,18,3,6,53.34773218,2.807775378,6.695464363,4.801295896,4.967602592,2,3,3,3,2,2,2,2,19
79,4,2012,10,4,0,1,1,0,0,0,0,65,0,0,56,0,0,0,0,0,28,25,0,0,0,0,0,0,0,0,0,0,11,4,100,0,0,0,0,0,0,0,52,0,0,0,54,0,0,0,62,0,0,0,0,0,0,0,0,0,0,3,0,4,1,2,0,0,3,0,0,0,0,0,0,0,0,7,0,0,0,0,0,0,15,0,0,0,0,498,17,2,7,66.66666667,0.602409639,53.21285141,2.81124498,7.228915663,2,2,4,4,4,5,5,3,29
80,4,2013,10,1,0,0,0,0,0,0,0,73,0,0,114,0,0,0,0,0,1,12,0,0,0,0,0,0,0,0,0,0,15,0,110,0,0,0,0,0,0,0,14,0,0,0,47,0,0,0,73,0,0,0,0,0,0,0,0,0,0,1,0,2,0,0,0,3,0,0,0,0,1,0,0,0,0,4,0,0,27,0,0,0,2,1,0,0,0,501,15,1,6,66.46706587,0.199600798,62.8742515,2.676646707,3.393213573,2,1,3,4,5,5,5,1,26
81,4,2014,6,7,0,0,0,0,0,0,0,115,0,0,12,0,0,0,0,0,238,0,0,0,0,0,0,0,0,0,0,0,48,0,14,0,0,7,5,3,0,0,3,0,0,0,0,0,0,0,0,0,0,0,0,0,1,0,0,0,0,0,0,11,0,2,0,0,5,0,0,0,2,0,0,0,0,8,0,1,27,3,0,0,7,0,0,4,0,523,18,2,4,34.99043977,2.676864245,8.221797323,4.877629063,3.059273423,2,2,2,2,2,2,2,1,15
82,4,2014,10,5,0,0,0,0,0,0,0,165,0,0,123,0,0,0,0,0,6,4,0,0,0,0,0,0,0,0,0,0,16,0,53,0,0,0,1,0,0,0,10,0,0,0,48,0,0,0,11,0,0,0,0,0,0,0,0,0,0,2,0,8,0,1,0,0,8,0,0,0,0,0,0,0,0,6,0,0,28,0,0,0,5,0,0,0,0,500,14,1,6,76.8,0.2,41.4,3.41,3.4,1,1,3,5,5,5,5,1,26
83,4,2015,10,0,0,0,0,0,0,0,0,69,0,0,112,0,0,0,0,1,8,17,0,0,0,0,0,0,0,0,0,0,90,0,29,0,0,3,0,0,0,0,59,0,0,0,21,0,0,0,2,0,0,0,0,0,0,0,0,0,0,0,0,7,0,0,0,0,2,0,0,0,0,0,0,0,0,3,0,0,32,0,0,0,0,0,0,3,0,458,13,1,4,65.06550218,0.655021834,35.37117904,3.593886463,4.366812227,1,1,2,4,4,5,5,2,24
84,5,2009,6,0,0,0,0,0,0,0,0,149,0,0,0,0,0,0,0,0,10,2,0,0,0,0,0,0,0,0,0,0,134,0,37,0,0,0,22,1,0,0,43,0,0,0,19,0,0,0,3,0,3,0,0,0,2,0,1,0,0,0,0,2,0,0,0,3,0,14,0,3,0,0,0,0,0,0,0,0,44,0,0,0,1,1,0,0,0,494,15,0,5,48.98785425,0,16.59919028,3.74291498,1.417004049,2,1,3,3,5,4,4,1,23
85,5,2010,6,2,0,0,0,0,0,0,0,201,0,0,0,0,0,0,0,1,31,2,0,3,0,0,0,0,0,0,0,0,73,0,25,0,0,0,11,0,0,0,88,0,0,0,3,0,0,0,0,0,0,3,0,0,0,0,0,0,0,0,0,11,0,5,0,0,0,0,0,22,0,0,0,0,0,0,0,0,13,0,0,0,0,0,0,2,0,496,15,1,3,67.94354839,1.612903226,8.266129032,3.997983871,1.612903226,2,1,2,4,3,2,4,1,19
86,5,2010,10,0,0,0,0,0,0,1,0,29,0,0,0,0,1,0,0,0,8,30,0,0,0,0,0,0,0,0,0,0,103,0,14,0,0,0,15,0,0,0,237,0,0,0,25,0,0,0,4,0,7,17,0,0,0,0,0,0,0,1,0,2,0,0,0,1,10,0,0,21,0,0,0,0,0,1,0,0,0,0,0,0,1,6,0,3,0,537,18,0,8,66.48044693,0,17.69087523,3.500931099,8.938547486,2,1,4,4,5,4,5,3,28
87,5,2011,6,5,0,0,0,0,0,0,0,93,0,1,0,0,0,0,0,0,72,6,0,2,0,0,0,0,0,0,0,0,23,0,21,0,0,0,7,2,0,0,50,0,0,0,7,3,0,0,0,3,0,0,0,0,3,0,2,0,0,0,0,2,0,0,0,1,4,5,0,5,0,0,0,0,0,4,0,0,171,0,0,0,2,1,0,0,0,495,18,1,6,37.77777778,0.404040404,9.494949495,4.723232323,4.848484848,2,1,3,2,5,3,2,2,20
88,5,2011,10,0,0,0,0,0,0,0,0,18,0,0,0,0,2,0,0,0,0,2,0,4,0,0,0,0,0,0,0,0,5,0,13,0,0,0,0,0,0,0,65,0,0,0,14,0,0,0,19,0,3,0,0,0,0,0,0,0,1,0,0,4,0,0,0,0,0,1,0,20,0,0,0,0,0,1,0,0,7,0,0,0,0,0,0,0,0,179,12,0,4,60.33519553,2.793296089,20.67039106,3.603351955,3.910614525,1,1,2,4,2,4,5,1,20
89,5,2012,6,6,0,0,0,0,0,0,0,20,0,0,0,0,0,0,0,0,265,1,0,0,0,0,0,0,0,0,0,0,27,0,20,0,0,0,42,0,0,0,27,0,0,0,8,0,0,0,22,0,2,2,0,0,27,0,0,0,0,0,0,5,0,0,0,17,5,4,0,3,0,0,0,1,0,3,3,0,2,0,0,0,1,2,0,0,0,515,17,1,5,20.97087379,0,22.33009709,4.297087379,6.019417476,2,1,3,1,5,4,3,2,21
90,5,2012,10,4,0,0,0,0,0,0,0,60,0,0,1,0,0,0,0,0,6,23,0,1,0,0,0,0,0,0,0,0,58,1,44,0,0,0,2,0,0,0,113,0,0,0,88,0,0,0,21,0,0,8,0,0,0,0,0,0,0,0,0,0,0,0,0,2,26,8,0,29,0,0,0,1,0,0,2,0,4,0,0,0,0,2,0,4,0,508,18,1,5,55.70866142,0.196850394,26.77165354,3.312992126,11.61417323,2,1,3,3,5,4,5,4,27
91,5,2013,10,1,0,0,0,0,0,0,0,41,0,0,2,0,1,0,0,2,22,12,0,1,0,0,0,0,0,0,0,0,56,2,68,0,0,0,6,0,0,0,145,0,0,0,40,0,0,0,37,0,0,15,0,0,0,0,0,0,0,0,0,9,0,0,0,1,4,0,0,15,0,0,0,0,0,0,0,0,3,0,0,0,2,2,0,0,0,487,20,1,7,62.21765914,0.205338809,30.39014374,3.281314168,5.133470226,3,1,4,4,5,5,5,2,29
92,5,2014,6,2,0,0,0,2,0,0,0,158,0,0,0,0,0,0,0,0,10,5,0,0,0,0,0,0,0,0,0,0,83,0,2,0,0,0,0,0,0,0,0,0,0,0,2,0,0,0,23,0,31,24,0,0,0,0,0,0,0,0,0,2,0,0,0,0,2,2,0,7,0,0,0,0,0,5,0,3,8,24,0,0,2,0,0,1,1,398,17,1,3,57.28643216,6.030150754,15.57788945,3.83919598,3.51758794,2,1,2,3,1,4,4,1,18
93,5,2014,10,9,0,0,0,0,0,0,0,34,0,0,2,0,2,0,0,1,30,20,0,2,0,0,0,0,0,0,0,0,70,0,99,0,0,0,2,1,0,0,68,0,0,0,30,0,0,0,20,9,6,15,0,0,0,0,0,0,0,2,0,36,2,5,0,1,15,4,0,13,0,0,0,0,0,0,5,1,8,0,0,0,5,0,0,9,0,526,25,1,9,61.02661597,1.711026616,35.5513308,3.231939163,9.505703422,4,1,5,4,3,5,5,4,31
94,6,2001,6,2,0,0,1,0,0,0,0,49,0,0,1,0,0,0,0,0,30,0,0,7,0,0,0,0,0,0,0,0,27,0,0,0,0,8,0,0,0,9,6,0,0,0,50,17,0,0,0,0,39,0,0,0,0,1,0,0,0,0,1,10,0,0,0,4,0,1,3,2,0,0,0,0,0,0,0,0,15,0,2,0,0,0,0,0,0,285,16,3,3,42.10526316,6.315789474,5.614035088,4.533333333,11.92982456,2,3,2,2,1,2,3,4,19
95,6,2001,11,0,0,0,0,0,0,0,0,16,0,0,0,0,0,0,0,0,2,0,0,4,0,0,0,0,0,0,0,0,9,0,1,0,0,5,2,0,0,0,2,0,0,0,4,0,0,0,0,0,2,0,0,0,0,0,0,0,0,0,0,0,0,0,0,0,0,0,3,3,0,0,0,0,0,0,0,0,71,0,0,0,0,0,0,0,0,124,10,1,0,20.96774194,7.258064516,2.419354839,5.419354839,5.64516129,1,1,1,1,1,1,1,2,9
96,6,2002,6,6,0,0,2,0,0,0,0,20,0,0,0,0,0,0,0,0,196,0,1,2,0,0,0,0,0,0,0,0,6,2,0,0,0,2,1,0,0,0,1,0,0,0,19,12,0,0,0,1,3,0,0,0,0,0,0,0,0,0,0,24,0,1,0,0,0,0,0,1,0,0,0,0,0,0,0,0,5,0,0,0,1,2,0,0,0,308,17,4,3,20.45454545,1.948051948,0.649350649,5.477272727,7.792207792,2,4,2,1,2,1,1,3,16
97,6,2002,10,0,0,0,1,0,0,0,0,26,0,0,0,0,0,0,0,0,113,0,0,3,0,0,0,0,0,0,0,0,29,0,0,0,0,1,0,0,0,0,0,0,0,0,27,3,0,0,0,0,11,0,0,0,0,0,0,0,0,0,0,1,0,0,0,0,0,3,1,2,0,0,0,0,0,0,0,0,56,0,0,0,3,2,0,0,0,282,12,2,2,15.95744681,1.418439716,2.127659574,5.25177305,3.191489362,1,2,1,1,3,1,1,1,11
98,6,2003,6,8,0,0,0,0,0,0,0,62,0,0,1,0,0,0,0,3,160,0,0,1,0,0,0,0,0,0,0,0,27,3,3,0,0,9,4,1,0,3,3,0,0,0,98,47,0,0,0,7,23,1,0,0,0,2,0,0,0,0,0,22,0,0,0,1,2,0,0,3,0,0,0,0,1,0,0,0,2,0,0,0,0,3,0,0,0,500,22,2,5,27.6,2.4,3,4.738,14.2,3,2,3,1,2,1,2,5,19
99,6,2003,10,14,0,0,6,0,0,0,0,31,0,0,1,0,0,0,0,0,230,0,0,4,0,0,2,0,0,0,0,0,51,2,1,0,0,48,0,0,0,5,0,0,0,0,14,3,0,0,0,0,35,0,0,0,0,1,0,0,1,0,0,4,0,0,0,0,0,6,0,0,1,0,0,0,3,1,0,0,18,0,0,1,1,18,0,0,0,502,21,3,4,31.87250996,11.15537849,2.788844622,5.364541833,9.163346614,3,3,2,2,1,1,1,3,16
100,6,2004,6,1,0,0,0,0,0,0,0,32,0,0,0,0,0,0,0,0,57,1,0,5,0,0,0,0,0,0,0,0,64,0,0,0,0,1,3,0,0,0,2,0,0,0,200,2,0,0,0,0,6,0,0,0,0,9,0,0,0,0,0,17,0,1,0,8,0,6,1,11,0,0,0,0,0,0,0,0,3,0,0,0,1,0,0,0,0,431,16,2,4,16.2412993,3.712296984,4.408352668,4.37587007,6.26450116,2,2,2,1,2,2,3,2,16
101,6,2004,10,0,0,0,0,0,0,0,0,131,0,0,0,0,0,0,0,0,126,0,0,14,0,0,0,0,0,0,0,0,48,0,0,0,0,4,0,0,0,5,1,0,0,0,82,0,0,0,0,1,7,0,0,3,0,0,0,0,0,0,0,4,0,0,0,0,0,5,1,9,0,0,0,0,6,0,0,0,51,0,0,0,0,5,0,0,0,503,13,2,2,30.81510934,4.174950298,1.988071571,4.900596421,4.572564612,1,2,1,2,1,1,2,2,12
102,6,2005,6,4,0,0,0,0,0,0,0,219,0,0,0,0,0,0,0,0,99,2,0,0,2,0,0,0,0,0,2,0,22,10,18,0,0,0,0,0,0,0,36,0,0,0,66,0,0,0,0,0,0,0,0,0,2,0,0,0,2,0,0,8,0,0,0,20,3,2,0,16,0,0,2,0,0,4,0,0,464,0,0,0,0,0,0,0,0,1003,17,2,6,31.50548355,0.398803589,4.685942173,5.020937188,4.08773679,2,2,3,2,5,2,1,1,18
103,6,2005,10,4,0,0,0,0,0,0,0,92,0,0,4,0,0,0,0,0,47,0,0,11,0,0,0,0,0,0,0,0,106,1,0,0,0,8,0,0,0,0,0,0,0,0,75,19,0,0,0,0,26,0,0,0,0,0,0,0,2,0,0,3,0,0,0,2,0,15,0,2,0,0,0,0,0,1,0,0,70,0,0,0,1,3,0,2,0,494,17,2,5,29.35222672,4.251012146,4.453441296,4.591093117,8.502024291,2,2,3,1,1,2,2,3,16
104,6,2006,6,3,0,0,0,0,0,0,0,136,0,0,0,0,0,0,0,3,45,0,0,0,0,0,0,1,0,0,0,0,17,1,5,0,0,0,0,0,0,0,16,0,0,0,30,0,0,0,0,0,0,0,0,0,0,0,0,0,0,0,0,7,0,0,0,7,3,2,0,2,0,0,0,0,0,2,0,0,223,0,0,0,0,0,0,0,0,503,14,1,3,35.1888668,0,3.578528827,4.990059642,3.578528827,1,1,2,2,5,1,1,1,14
105,6,2006,10,5,0,0,0,0,0,0,0,59,0,0,0,0,0,0,0,1,198,0,0,13,0,0,0,0,0,0,0,0,55,0,0,0,0,7,0,1,0,1,1,0,0,0,68,17,0,0,0,1,38,0,0,0,0,1,1,0,3,4,0,1,0,0,0,1,0,0,1,11,0,0,0,0,5,0,0,0,6,0,0,0,0,5,0,0,0,504,20,2,6,24.8015873,4.761904762,1.19047619,5.01984127,9.523809524,3,2,3,1,1,1,1,4,16
106,6,2007,6,2,0,0,0,0,0,0,0,111,0,0,0,0,0,0,0,2,51,0,0,0,0,0,0,0,0,0,0,0,47,2,3,0,0,2,14,0,0,0,6,0,0,0,119,14,0,0,2,1,2,0,0,0,0,0,0,0,0,1,0,18,0,0,0,15,0,36,0,9,7,0,0,0,4,0,0,0,24,0,0,0,1,0,0,4,0,497,19,2,3,32.3943662,1.810865191,14.48692153,4.118712274,7.042253521,3,2,2,2,2,3,4,3,21
107,6,2007,10,3,0,0,0,0,0,0,0,83,0,0,0,0,0,1,0,0,47,4,0,3,0,0,1,1,0,0,0,0,90,0,0,0,0,1,1,0,0,4,17,0,0,0,93,2,0,0,0,0,73,0,0,0,0,0,0,0,5,0,0,5,0,1,0,3,0,22,0,18,0,0,0,0,2,0,0,0,10,0,0,0,0,0,0,2,0,492,20,2,5,39.63414634,2.032520325,7.113821138,4.213414634,4.674796748,3,2,3,2,2,2,4,2,20
108,6,2008,6,22,0,25,0,0,0,0,0,0,0,0,1,0,0,1,0,0,147,0,0,5,0,0,0,0,0,0,0,0,74,0,0,0,0,5,0,0,0,1,3,0,0,0,100,20,0,0,4,2,49,0,0,0,0,5,0,0,0,0,0,9,0,0,0,4,0,28,4,0,0,0,0,0,0,0,0,0,2,0,0,0,2,0,0,20,0,533,16,2,3,22.51407129,2.814258912,12.19512195,4.303939962,11.44465291,2,2,2,1,2,3,3,4,19
109,6,2008,10,0,0,0,0,0,0,0,0,82,0,0,0,0,0,0,0,0,17,0,0,2,0,0,0,0,0,0,0,0,66,1,0,0,0,0,0,0,0,2,3,0,0,0,71,3,0,0,0,0,12,0,0,0,0,0,1,0,1,0,0,0,0,0,0,1,0,46,0,6,0,0,0,0,1,0,0,0,191,0,0,0,0,3,0,0,0,509,14,0,4,20.23575639,0.589390963,9.626719057,4.752455796,2.161100196,1,1,2,1,4,3,2,1,15
110,6,2009,6,12,0,0,5,0,0,0,0,164,0,0,2,0,0,0,0,2,92,0,0,1,0,0,0,0,0,0,0,0,46,0,0,0,0,5,5,0,0,0,13,0,0,0,48,5,0,0,2,1,17,11,0,0,0,5,0,0,1,0,0,40,0,1,0,5,0,12,1,1,0,0,0,0,0,0,0,1,13,0,0,0,2,6,0,0,0,519,22,3,6,54.72061657,2.504816956,7.514450867,4.456647399,7.514450867,3,3,3,3,2,2,3,3,22
111,6,2009,10,1,0,0,0,0,0,0,0,183,0,0,0,0,0,0,0,0,36,0,0,5,0,0,0,0,0,0,0,0,98,0,0,0,0,1,0,0,0,6,7,0,0,0,69,11,0,0,0,0,24,0,0,0,0,1,0,0,1,0,0,7,0,0,0,3,0,13,2,12,0,0,0,0,2,0,0,0,11,0,0,0,0,13,0,0,0,506,16,2,4,47.43083004,1.581027668,4.347826087,4.229249012,7.312252964,2,2,2,3,3,1,4,3,20
112,6,2010,6,3,0,0,2,0,0,0,0,299,0,0,0,0,0,0,0,0,38,0,0,0,0,0,0,0,0,0,0,0,12,1,14,0,0,0,4,0,0,1,8,0,0,0,3,0,0,0,0,0,3,0,0,0,0,0,0,0,0,0,0,11,0,2,0,3,0,0,0,4,0,0,0,0,0,0,0,0,104,1,0,0,0,0,0,0,0,513,15,2,3,67.25146199,0.584795322,4.288499025,4.473684211,1.364522417,2,2,2,4,4,1,3,1,19
113,6,2010,10,2,0,0,1,0,0,0,0,43,0,0,0,0,0,0,0,0,52,0,0,10,0,0,0,0,0,0,0,0,80,2,0,0,0,0,0,0,0,0,1,0,0,0,132,1,0,0,0,0,25,0,0,0,0,0,0,0,0,0,0,0,0,0,0,1,0,111,1,4,1,0,0,0,2,0,0,0,30,0,0,0,0,5,0,0,0,504,15,2,2,15.47619048,2.182539683,22.22222222,4.23015873,4.365079365,2,2,1,1,2,4,4,2,18
114,6,2011,6,19,0,0,0,0,0,0,0,183,0,0,0,0,0,0,0,1,66,3,0,3,0,0,0,0,0,0,0,0,13,3,63,0,0,0,8,0,0,0,38,0,0,0,9,1,0,0,0,0,2,0,0,0,0,0,0,0,0,2,0,37,0,1,0,4,0,0,0,4,0,0,0,0,1,0,0,0,25,0,0,0,1,0,0,2,0,489,20,1,5,72.18813906,0.81799591,16.56441718,4.022494888,6.952965235,3,1,3,5,4,4,4,3,27
115,6,2011,10,6,0,0,20,0,0,0,0,86,0,0,0,0,0,2,0,0,28,3,0,14,0,0,0,0,0,0,0,0,83,0,3,0,0,17,2,0,0,11,17,0,0,0,105,6,0,0,0,1,36,0,0,0,0,1,0,0,10,0,0,7,0,1,0,0,0,27,0,19,0,0,0,1,2,0,0,0,5,0,0,0,0,6,0,0,0,519,21,3,5,40.8477842,8.285163776,9.055876686,4.360308285,9.248554913,3,3,3,2,1,3,3,3,21
116,6,2012,6,1,0,0,0,0,0,0,0,81,0,0,0,0,0,0,0,0,45,0,0,2,0,0,0,0,0,0,0,0,54,0,41,0,0,1,4,1,0,2,116,0,0,0,35,0,0,0,1,0,1,1,0,1,0,0,0,0,0,0,0,5,0,1,0,8,1,14,0,19,1,0,0,0,0,0,0,0,1,0,0,0,1,2,0,0,0,440,21,3,5,59.31818182,1.363636364,16.59090909,3.861363636,3.636363636,3,3,3,3,3,4,4,1,24
117,6,2012,10,12,0,0,0,0,0,0,0,122,0,0,0,0,0,0,0,0,46,8,0,8,0,0,0,0,0,0,0,0,42,1,2,0,0,4,2,0,0,12,62,0,0,0,106,0,0,0,0,4,48,0,0,0,0,0,0,0,28,0,0,20,0,0,0,0,0,20,0,6,0,0,0,0,0,0,0,0,414,0,0,0,0,20,0,0,0,987,16,2,4,33.02938197,4.052684904,4.457953394,5.061803445,7.80141844,2,2,2,2,1,2,1,3,15
118,6,2012,11,24,0,0,1,0,0,0,0,190,0,0,0,0,0,0,0,0,107,23,0,23,0,0,0,0,0,0,0,0,105,0,0,0,0,11,5,0,0,4,84,0,0,0,172,1,0,0,0,3,116,1,0,0,0,0,0,0,10,0,0,13,0,1,0,0,12,31,0,13,0,0,0,0,2,0,0,0,18,0,0,0,4,10,0,0,0,984,20,3,6,50.81300813,4.573170732,8.130081301,4.332317073,10.46747967,3,3,3,3,1,2,3,4,22
119,6,2013,10,3,0,0,0,0,0,0,0,56,0,0,0,0,0,0,0,1,46,5,0,20,0,0,0,0,0,0,0,0,114,0,3,0,0,0,0,0,0,2,14,22,0,0,30,1,0,0,1,6,62,1,0,0,0,0,0,0,17,0,0,34,0,2,0,0,0,14,1,0,0,0,0,14,1,0,0,0,0,0,0,0,6,10,0,0,0,486,19,2,5,48.35390947,12.55144033,9.465020576,4.775720165,16.46090535,3,2,3,3,1,3,2,5,22
120,6,2014,6,1,0,0,2,0,0,0,0,14,0,0,7,0,0,0,0,0,107,5,0,1,0,0,0,0,0,0,0,0,27,0,2,0,0,5,3,0,0,0,7,0,0,0,70,13,0,0,0,0,120,24,0,0,0,9,0,0,5,0,0,9,0,0,0,4,2,40,6,0,3,0,2,0,10,0,0,3,7,0,0,0,2,0,0,3,1,513,25,3,7,41.13060429,4.483430799,17.73879142,4.366471735,9.55165692,4,3,4,2,1,4,3,4,25
121,6,2014,10,4,0,0,32,0,0,0,0,67,0,0,0,0,0,0,0,0,55,0,0,5,0,1,0,0,0,0,0,0,38,2,1,0,0,1,0,0,0,4,3,0,0,0,64,9,0,0,0,15,138,0,0,0,0,0,0,0,0,0,0,11,2,1,0,0,0,28,5,4,0,0,0,0,7,0,0,0,8,0,0,0,1,2,0,0,0,508,20,3,4,51.77165354,1.771653543,6.88976378,4.32480315,5.511811024,3,3,2,3,2,2,3,2,20
122,8,2001,6,3,0,0,0,0,0,0,0,75,0,0,1,0,0,0,0,0,86,0,0,0,0,0,0,0,0,0,0,0,4,0,0,0,0,1,0,0,0,0,0,0,0,0,100,8,0,0,0,1,20,0,0,0,0,2,0,0,0,0,0,1,0,1,0,0,0,0,0,0,0,0,0,0,1,0,0,0,4,0,0,0,1,4,0,0,0,313,14,2,4,34.18530351,1.277955272,0.638977636,4.632587859,5.431309904,1,2,2,2,3,1,2,2,15
123,8,2001,11,0,0,0,10,0,0,0,0,66,0,0,4,0,0,0,0,0,8,0,0,0,0,0,0,0,0,0,0,0,6,0,0,0,0,3,0,0,0,0,4,0,0,0,51,0,0,0,0,0,3,0,0,0,0,0,0,0,0,0,0,0,0,0,0,0,0,0,0,0,0,0,0,0,1,0,0,0,75,0,0,0,0,30,0,0,0,261,11,2,2,45.97701149,1.149425287,1.53256705,4.659003831,11.49425287,1,2,1,3,4,1,2,4,18
124,8,2002,6,3,0,0,9,0,0,0,0,83,0,0,25,0,0,0,0,0,47,0,0,1,0,0,0,0,0,0,0,0,3,0,0,0,0,4,0,0,0,0,0,0,0,0,70,3,0,0,0,0,28,0,0,0,0,1,0,0,0,0,0,1,0,0,0,0,0,0,0,2,0,0,0,0,0,0,0,0,5,0,0,0,0,25,0,0,0,310,14,3,3,57.41935484,1.935483871,8.064516129,4.335483871,10.64516129,1,3,2,3,2,2,3,4,20
125,8,2002,10,3,0,0,15,0,0,0,0,56,0,0,2,0,0,0,0,0,56,0,0,0,0,0,0,0,0,0,0,0,11,0,0,0,0,6,0,0,0,0,0,4,0,0,17,2,0,0,0,0,18,0,0,0,0,1,0,0,0,0,0,1,20,0,0,0,0,0,0,1,0,0,0,0,4,0,0,0,85,0,0,0,0,6,0,0,0,308,16,4,4,42.53246753,10.06493506,0.649350649,5.344155844,5.194805195,2,4,2,2,1,1,1,2,15
126,8,2003,6,6,0,0,4,0,0,0,0,223,0,0,3,0,0,0,0,0,31,0,0,0,0,0,0,0,0,0,0,0,6,0,0,0,0,6,0,0,0,0,0,0,0,0,166,0,0,0,0,0,7,0,0,0,0,3,0,0,0,0,0,3,0,0,0,0,0,0,0,1,0,0,0,0,1,0,0,0,36,0,0,0,0,3,0,0,0,499,14,3,3,51.10220441,1.803607214,0.601202405,4.342685371,2.404809619,1,3,2,3,2,1,3,1,16
127,8,2003,10,2,0,0,0,0,0,0,0,66,0,0,3,0,0,0,0,0,168,0,0,0,0,0,0,0,0,0,0,0,4,0,0,0,0,1,0,0,0,0,0,0,0,0,142,3,0,0,0,0,10,0,0,0,0,0,0,0,0,0,0,2,0,0,0,0,0,0,0,0,0,0,0,0,1,0,0,0,81,0,0,0,0,12,0,0,0,495,11,2,3,19.39393939,0.202020202,0.606060606,5.016161616,3.434343434,1,2,2,1,5,1,1,1,14
128,8,2004,6,7,0,0,11,0,0,0,0,137,0,0,6,0,0,1,0,0,101,0,0,4,0,0,0,0,0,0,0,0,7,0,0,0,0,22,0,0,0,0,0,1,0,0,65,5,0,0,0,0,87,0,0,0,0,9,0,0,0,0,0,0,0,0,0,0,0,0,0,0,1,0,0,0,2,0,0,0,14,0,0,0,0,30,0,0,0,510,16,4,2,59.01960784,7.254901961,1.176470588,4.721568627,11.17647059,2,4,1,3,1,1,2,4,18
129,8,2004,10,1,0,0,29,0,0,0,0,184,0,0,1,0,0,0,0,0,68,0,0,2,0,0,0,0,1,0,0,0,34,0,0,0,0,1,0,0,0,0,1,1,0,0,41,10,0,0,0,0,16,0,0,2,0,0,0,0,0,0,0,0,0,1,0,0,0,0,1,1,0,0,0,0,3,0,0,0,62,0,0,0,0,27,0,0,0,487,18,6,3,54.41478439,1.642710472,0.205338809,4.620123203,9.034907598,2,5,2,3,3,1,2,3,21
130,8,2005,6,2,0,0,7,0,0,0,0,224,0,0,0,0,0,0,0,0,10,0,0,0,0,0,0,0,0,0,0,0,1,0,0,0,0,2,1,0,0,0,0,0,0,0,84,0,0,0,0,0,10,0,0,1,0,1,0,0,0,0,0,0,0,0,0,0,0,0,0,0,0,0,0,0,0,0,0,0,143,0,0,0,0,4,0,0,0,490,11,4,1,51.02040816,0.816326531,0.204081633,4.651020408,1.632653061,1,4,1,3,4,1,2,1,17
131,8,2005,10,2,0,0,21,0,0,0,0,77,0,0,7,0,0,0,0,0,215,0,0,0,0,0,0,0,0,0,0,0,10,0,0,0,0,6,0,0,0,0,0,0,0,0,18,0,0,0,0,0,40,0,0,0,0,0,0,0,0,0,0,16,0,0,0,0,0,1,0,0,0,0,0,0,5,0,0,0,38,0,0,0,0,54,0,0,0,510,12,3,3,43.7254902,1.176470588,1.568627451,5.056862745,10.98039216,1,3,2,2,4,1,1,4,18
132,8,2006,6,2,0,0,1,0,0,0,0,257,0,0,3,0,0,0,0,0,15,0,0,1,0,0,0,2,0,0,0,0,3,0,0,0,0,0,0,0,0,0,2,0,0,0,81,0,0,0,0,0,15,0,0,0,0,2,0,0,0,0,0,5,0,0,0,0,0,6,0,0,0,0,0,0,0,0,0,0,95,0,0,0,0,12,0,0,0,502,14,2,3,59.16334661,0.597609562,2.19123506,4.444223108,3.784860558,1,2,2,3,4,1,3,1,17
133,8,2006,10,0,0,0,13,0,0,0,0,51,0,0,0,0,0,0,0,0,6,0,0,1,0,0,0,0,0,0,0,0,5,0,0,0,0,0,0,0,0,0,0,0,0,0,71,0,0,0,0,0,8,0,0,0,0,0,0,0,0,0,0,0,0,0,0,0,0,1,0,3,0,0,0,0,3,0,0,0,339,0,0,0,0,2,0,0,0,503,10,1,1,14.71172962,0.198807157,0.198807157,5.385685885,0.596421471,1,1,1,1,5,1,1,1,12
134,8,2007,6,0,0,0,8,0,0,0,0,138,0,0,9,0,0,0,0,0,65,0,0,2,0,0,0,0,0,0,0,0,17,0,0,0,0,7,0,0,0,0,0,0,0,0,137,21,0,0,0,0,25,0,0,1,0,4,0,0,0,0,0,0,0,0,0,0,0,35,0,3,1,0,0,0,0,0,0,0,9,0,0,0,0,19,0,0,0,501,14,3,2,41.31736527,2.994011976,8.78243513,4.323353293,9.381237525,1,3,1,2,2,3,3,3,18
135,8,2007,10,1,0,0,7,0,0,0,0,61,0,0,0,0,0,0,0,0,76,0,0,1,0,0,0,1,0,0,0,0,31,0,0,0,0,7,0,0,0,0,0,0,0,0,89,72,0,0,0,0,41,0,0,1,0,1,0,0,0,0,0,0,0,0,0,0,0,21,0,4,0,0,0,0,17,0,0,0,54,0,0,0,0,11,0,0,0,496,15,4,1,26.00806452,2.016129032,4.435483871,4.580645161,17.74193548,2,4,1,1,2,2,2,5,19
136,8,2008,6,2,0,0,53,0,0,0,0,84,0,0,5,0,0,0,0,0,128,0,0,3,0,0,0,0,0,0,0,0,19,0,0,0,0,0,0,0,0,2,0,1,0,0,114,12,0,0,0,0,11,0,0,0,0,12,1,0,0,0,0,1,0,1,0,0,0,3,0,2,0,0,0,0,4,0,0,0,4,0,0,0,0,36,0,0,0,498,17,3,5,39.15662651,3.413654618,2.008032129,4.672690763,13.25301205,2,3,3,2,2,1,2,5,20
137,8,2008,10,0,0,0,37,0,0,0,0,234,0,0,15,0,0,0,0,0,156,0,0,14,0,0,0,0,0,0,0,0,71,1,0,0,0,2,0,0,0,0,0,0,0,0,100,20,0,0,0,1,63,0,0,2,0,0,0,1,0,0,0,9,0,7,0,0,0,58,0,14,0,0,0,0,2,0,0,0,100,0,1,0,1,107,0,0,0,1016,19,3,5,47.04724409,2.559055118,7.381889764,4.556102362,14.17322835,3,3,3,3,2,2,3,5,24
138,8,2009,6,3,0,0,27,0,0,0,0,217,0,0,6,0,0,0,0,0,59,0,0,0,0,0,0,0,0,0,0,0,4,0,0,0,0,1,0,0,0,0,0,0,0,0,116,7,0,0,0,0,25,0,0,0,0,2,0,0,0,0,0,4,0,0,0,0,1,6,0,0,0,0,0,0,6,0,0,0,14,0,0,0,1,11,0,0,0,510,15,3,4,58.03921569,0.588235294,2.745098039,4.303921569,4.705882353,2,3,2,3,4,1,3,2,20
139,8,2009,10,6,0,0,181,0,0,0,0,254,0,0,9,0,0,0,0,0,121,0,0,10,0,0,0,0,0,0,0,0,60,0,0,0,0,12,0,0,0,5,0,3,0,0,6,18,0,0,0,0,36,0,0,1,0,0,0,0,3,0,0,73,0,4,0,0,0,20,2,28,0,2,0,0,4,0,0,0,110,0,0,0,0,25,0,0,0,993,18,5,5,61.12789527,3.32326284,3.423967774,4.648539778,6.847935549,2,5,3,4,2,1,2,3,22
140,8,2009,11,0,0,0,5,0,0,0,0,33,0,0,1,0,0,0,0,0,6,0,0,1,0,0,0,0,0,0,0,0,7,0,0,0,0,0,0,0,0,0,0,0,0,0,4,0,0,0,0,0,5,0,0,0,0,0,0,0,0,0,0,6,0,0,0,0,0,15,0,1,0,0,0,0,0,0,0,0,417,0,0,0,0,9,0,0,0,510,11,1,3,11.56862745,0.196078431,3.137254902,5.649019608,1.960784314,1,1,2,1,5,1,1,1,13
141,8,2009,12,1,0,0,44,0,0,0,0,183,0,0,1,0,0,0,0,0,14,0,0,1,0,0,0,0,1,0,0,0,4,0,0,0,0,0,1,0,0,0,0,1,0,0,16,4,0,0,0,0,19,0,0,0,0,0,1,0,0,0,0,2,0,0,0,0,0,3,0,2,0,0,0,0,2,0,0,0,172,0,0,0,0,22,0,0,0,494,16,4,4,55.66801619,0.607287449,1.012145749,4.779352227,5.870445344,2,4,2,3,4,1,2,2,20
142,8,2010,6,0,0,0,95,0,0,0,0,175,0,0,2,0,0,0,0,0,32,0,0,2,0,0,0,0,0,0,0,0,19,0,0,0,0,20,0,0,0,0,0,0,0,0,22,21,0,0,0,0,10,0,0,1,1,0,0,0,0,0,0,48,0,1,0,0,0,3,0,5,1,0,0,0,2,0,0,0,13,0,0,0,5,18,0,0,0,496,17,3,4,75.60483871,5.040322581,2.016129032,4.433467742,8.467741935,2,3,2,5,1,1,3,3,20
143,8,2010,10,2,0,0,51,0,0,0,0,97,0,0,2,0,0,0,0,0,44,0,0,4,0,0,0,0,0,0,0,0,38,0,0,0,0,1,0,0,0,0,1,0,0,0,57,5,0,0,0,0,51,0,0,0,0,2,0,0,0,0,0,4,0,4,0,0,0,21,0,10,0,0,0,0,23,0,0,0,62,0,0,0,0,35,0,0,0,514,17,3,4,48.24902724,2.140077821,4.474708171,4.515564202,9.338521401,2,3,2,3,2,2,3,3,20
144,8,2011,6,0,0,0,16,0,0,0,0,273,0,0,3,0,0,0,0,1,51,0,0,0,0,0,0,0,0,0,0,0,8,0,0,0,0,3,0,0,0,0,0,0,0,0,74,5,0,0,0,4,0,0,0,0,0,0,0,0,0,0,0,3,0,1,0,1,0,14,0,4,0,0,0,0,2,0,0,0,42,0,0,0,0,5,0,0,0,510,14,2,5,59.80392157,0.784313725,3.529411765,4.364705882,2.352941176,1,2,3,3,4,1,3,1,18
145,8,2011,10,0,0,0,28,0,0,0,0,108,0,0,0,0,0,0,0,0,27,0,0,0,0,0,0,0,0,0,0,0,11,0,0,0,0,8,0,0,0,0,0,0,0,0,46,30,0,0,0,0,5,0,0,0,0,0,1,0,2,0,0,10,0,0,0,0,0,31,0,14,0,0,0,0,9,0,0,0,157,0,0,0,0,0,0,3,0,490,13,2,3,33.06122449,2.040816327,6.326530612,4.769387755,6.530612245,1,2,2,2,2,2,2,2,15
146,8,2012,6,3,0,0,16,0,0,0,0,31,0,0,0,0,0,0,0,0,167,0,0,2,0,0,0,0,0,0,0,0,4,0,0,0,0,14,0,0,0,0,0,0,0,0,38,115,0,0,0,1,12,0,0,0,0,2,0,0,0,0,0,82,0,0,0,0,0,0,0,2,0,0,0,0,15,0,0,0,1,0,0,0,0,8,0,0,0,513,14,3,2,32.35867446,3.50877193,0,4.966861598,25.3411306,1,3,1,2,2,1,1,5,16
147,8,2012,10,2,0,0,104,0,0,0,0,66,0,0,8,0,0,0,0,0,80,0,0,26,0,0,0,0,0,0,0,0,78,2,0,0,0,22,0,0,0,0,2,0,0,0,92,106,0,0,0,0,54,0,0,2,0,0,2,0,0,0,0,18,0,18,0,0,0,152,20,50,0,0,0,0,66,0,0,0,6,0,0,0,0,24,0,0,0,1000,19,4,5,32.2,6.8,16,4.422,18.2,3,4,3,2,1,4,3,5,25
148,8,2013,10,1,0,0,104,0,0,0,0,83,0,0,0,0,0,0,0,0,26,0,0,0,0,14,0,1,1,0,0,0,29,1,1,0,0,35,0,0,0,0,0,0,0,0,5,41,0,0,0,0,13,0,0,1,0,0,0,0,2,0,0,70,0,10,0,0,0,18,5,24,0,0,0,0,5,0,0,0,0,0,0,0,0,4,0,0,0,494,19,5,4,65.78947368,9.91902834,6.882591093,4.532388664,14.17004049,3,5,2,4,1,2,3,5,25
149,8,2014,6,0,0,0,180,0,0,0,0,47,0,0,0,0,0,0,0,0,41,0,0,2,0,0,0,0,0,0,0,0,26,0,0,0,0,4,0,0,0,0,0,0,0,0,115,0,0,0,0,0,21,0,0,0,0,0,0,0,1,0,0,11,0,4,0,0,0,36,3,6,0,0,0,0,2,0,0,0,19,0,0,0,0,2,0,0,0,520,14,2,4,51.92307692,2.115384615,6.923076923,4.278846154,1.538461538,1,2,2,3,2,2,3,1,16
150,8,2014,10,0,0,0,34,0,0,0,0,74,0,0,4,1,0,0,0,0,55,0,0,7,0,0,0,0,0,0,0,0,7,0,0,0,0,6,0,0,0,0,0,0,0,0,23,10,0,0,0,0,45,0,0,0,0,0,0,0,0,0,0,12,0,0,0,0,0,1,1,2,2,0,0,0,0,0,0,0,217,0,0,0,0,0,0,0,0,501,13,2,2,35.12974052,3.193612774,0.998003992,5.239520958,3.592814371,1,2,1,2,2,1,1,1,11
151,9,2001,6,1,0,0,3,0,0,0,0,17,0,0,7,0,0,0,0,0,50,0,0,0,0,0,0,0,0,0,0,0,11,0,0,0,0,47,0,0,0,1,0,1,0,0,64,8,0,0,0,4,23,0,0,0,0,22,0,0,0,0,0,4,0,0,0,0,0,0,0,0,0,0,0,0,0,0,0,0,1,0,0,0,0,14,0,0,0,278,13,4,3,42.08633094,25.17985612,2.877697842,5.201438849,16.54676259,1,4,2,2,1,1,1,5,17
152,9,2001,11,0,0,6,2,0,0,0,0,22,0,0,0,0,0,0,0,0,3,1,0,1,0,0,0,0,0,0,0,0,13,0,0,0,0,2,0,0,0,0,0,3,0,0,30,9,0,0,0,0,0,0,0,0,0,0,0,0,0,0,0,0,0,0,0,0,0,0,3,0,0,0,0,0,0,0,0,0,101,0,0,0,0,0,0,2,0,198,11,3,1,18.18181818,3.03030303,3.535353535,5.050505051,8.585858586,1,3,1,1,2,1,1,3,13
153,9,2002,6,8,0,0,1,0,0,0,0,83,0,0,14,0,0,0,0,0,94,0,0,0,0,0,0,0,0,0,0,0,15,0,2,0,0,2,0,0,0,0,0,0,0,0,40,3,0,0,0,2,11,11,0,0,0,2,0,0,0,0,0,4,0,0,0,0,0,0,0,0,0,0,0,0,1,0,0,0,12,0,0,0,0,10,0,0,0,315,15,3,3,46.34920635,1.26984127,8.571428571,4.625396825,7.301587302,2,3,2,3,3,2,2,3,20
154,9,2002,10,1,0,0,2,0,0,0,0,28,0,0,2,0,0,0,0,0,123,0,0,2,0,0,0,0,0,0,0,0,13,0,1,0,0,3,2,0,0,0,0,1,0,0,13,8,0,0,0,0,12,0,0,2,0,0,0,0,0,0,0,1,0,0,0,0,0,1,0,1,0,0,0,0,0,0,0,0,47,0,0,0,0,16,0,0,0,279,16,5,3,24.7311828,2.867383513,2.150537634,5.301075269,10.75268817,2,5,2,1,2,1,1,4,18
155,9,2003,6,2,0,0,3,0,0,0,0,193,0,0,1,0,0,0,0,0,19,0,0,0,0,0,0,1,0,0,0,0,16,0,1,0,0,0,1,0,0,0,1,0,0,0,136,3,0,0,0,0,21,0,0,0,0,3,1,0,0,0,0,4,0,0,0,0,0,0,0,2,0,0,0,0,3,1,0,0,83,0,0,0,0,5,0,0,0,500,17,2,4,46.4,0.6,0.8,4.42,2.8,2,2,2,3,4,1,3,1,18
156,9,2003,10,6,0,0,0,0,0,0,0,20,0,0,3,0,0,0,0,0,281,0,0,1,0,0,1,0,0,0,0,0,26,0,0,0,0,0,1,0,0,0,0,0,0,0,28,11,0,0,0,0,8,0,0,0,0,0,0,1,0,0,0,1,0,0,0,0,0,16,0,1,0,0,0,0,2,0,0,0,58,0,0,0,0,14,0,0,0,479,14,1,4,11.06471816,0.208768267,4.384133612,5.39039666,6.889352818,1,1,2,1,5,2,1,3,16
157,9,2004,6,5,0,0,3,0,0,0,0,67,0,0,1,1,0,0,0,111,0,0,0,1,0,1,0,0,0,0,0,0,7,1,0,0,0,44,0,0,0,0,0,0,0,0,124,26,0,0,0,0,24,0,0,0,0,7,0,0,0,0,0,25,0,1,0,0,0,0,0,1,0,0,0,0,1,0,0,0,48,0,0,0,1,11,0,0,0,511,20,3,4,35.81213307,10.56751468,0.587084149,5.017612524,31.89823875,3,3,2,2,1,1,1,5,18
158,9,2004,10,2,0,0,1,0,0,0,0,108,0,0,2,0,0,1,0,0,43,0,0,2,0,0,0,1,0,0,0,0,11,0,0,0,0,4,0,0,0,2,0,0,0,0,27,15,0,0,0,0,19,0,0,3,0,0,0,0,1,0,0,4,0,1,0,0,0,1,0,3,0,0,0,0,7,0,0,0,224,0,0,0,0,13,0,0,0,495,19,4,5,31.91919192,2.222222222,1.212121212,5.17979798,7.676767677,3,4,3,2,2,1,1,3,19
159,9,2005,6,1,0,0,6,0,0,0,0,238,0,0,1,0,0,0,0,0,16,0,0,0,0,0,0,0,0,0,0,0,10,0,1,0,0,1,0,0,0,0,6,0,0,0,53,5,0,0,2,0,20,0,0,0,0,0,0,0,0,0,0,8,0,2,0,0,1,1,0,2,0,0,0,0,1,1,0,0,106,0,0,0,0,0,0,0,0,482,16,3,4,59.12863071,0.622406639,1.244813278,4.514522822,1.452282158,2,3,2,3,4,1,3,1,19
160,9,2005,10,1,0,0,2,0,0,0,0,78,0,0,6,0,0,0,0,0,124,0,0,0,0,0,0,0,0,0,0,0,24,1,1,0,0,1,0,0,0,0,0,0,0,0,64,8,0,0,0,1,10,0,0,0,0,0,0,0,0,0,0,7,0,0,0,0,0,10,0,1,0,0,0,0,1,0,0,0,113,0,1,0,0,49,0,0,0,503,16,3,3,30.81510934,0.397614314,3.37972167,4.940357853,11.72962227,2,3,2,2,5,1,2,4,21
161,9,2006,6,1,0,0,1,0,0,0,0,192,0,0,2,0,0,0,0,0,61,0,0,0,0,0,0,1,0,0,0,0,17,0,0,0,0,0,0,0,0,0,0,0,0,0,55,0,0,0,0,0,9,0,0,0,0,0,0,0,0,0,0,0,0,0,0,0,1,11,0,4,0,0,0,0,0,0,0,0,157,0,0,0,0,15,0,4,0,531,13,2,3,41.61958569,0,2.824858757,4.757062147,3.389830508,1,2,2,2,5,1,2,1,16
162,9,2006,10,1,0,0,17,0,0,0,0,59,0,0,1,0,0,0,0,0,14,0,0,3,0,0,0,0,0,0,0,0,54,0,0,0,0,9,0,0,0,0,0,0,0,0,11,19,0,0,0,1,17,0,0,0,0,0,0,0,0,0,0,5,16,3,0,0,0,6,0,5,1,0,0,0,2,0,0,0,240,0,0,0,0,7,0,0,0,491,17,3,5,27.49490835,6.517311609,1.425661914,5.289205703,6.109979633,2,3,3,1,1,1,1,2,14
163,9,2007,6,3,0,0,4,0,0,0,0,30,0,0,1,0,0,1,0,0,120,0,0,0,0,0,0,0,0,0,0,0,21,1,0,0,0,28,0,0,0,0,1,0,0,0,76,20,0,0,0,0,33,0,0,0,0,4,0,0,0,0,0,91,0,1,0,0,1,18,1,0,0,0,0,0,0,0,0,0,20,0,0,0,0,9,0,0,0,484,17,3,5,41.73553719,6.818181818,4.132231405,4.954545455,8.26446281,2,3,3,2,1,1,2,3,17
164,9,2007,10,1,0,0,14,0,0,0,0,33,0,0,3,0,0,0,0,0,62,0,0,3,0,0,2,1,0,0,0,1,34,1,3,0,0,28,0,0,0,3,0,0,0,0,15,36,0,0,0,0,133,0,0,0,0,1,0,0,11,0,0,60,5,0,0,0,0,3,0,11,0,0,0,0,26,0,0,0,4,0,0,0,0,9,0,0,0,503,22,3,5,59.64214712,9.542743539,2.584493042,4.73359841,13.12127237,3,3,3,3,1,1,2,5,21
165,9,2008,6,1,0,0,6,0,0,0,0,99,0,0,9,0,0,2,0,1,113,0,0,1,0,0,0,0,0,0,0,0,28,0,0,0,0,37,0,0,0,0,1,0,0,0,100,13,0,0,0,1,65,0,0,0,0,14,0,0,0,0,0,10,0,1,0,0,0,6,0,7,0,0,0,0,1,0,0,0,10,0,0,0,1,5,0,0,0,532,20,3,4,44.17293233,9.962406015,3.007518797,4.793233083,6.954887218,3,3,2,2,1,1,2,3,17
166,9,2008,10,1,0,0,6,0,0,0,0,114,0,0,10,0,0,0,0,0,118,0,0,6,0,0,0,0,0,0,0,0,46,0,0,0,0,4,0,0,0,4,4,2,0,0,29,49,0,0,0,1,20,0,0,5,0,0,0,0,6,0,0,0,0,0,0,0,0,3,3,8,0,0,0,0,0,0,0,0,27,0,0,0,0,16,0,16,0,498,17,5,3,37.75100402,4.618473896,3.413654618,4.640562249,17.67068273,2,5,2,2,1,1,2,5,20
167,9,2009,6,0,0,0,11,0,0,0,0,181,0,0,0,0,0,0,0,0,74,0,0,0,0,0,0,0,0,0,0,0,10,0,1,0,0,0,0,0,0,0,0,0,0,0,83,5,0,0,0,0,14,1,0,0,0,6,0,0,1,0,0,0,0,0,0,2,0,14,0,3,0,0,0,0,2,0,0,0,100,0,0,0,2,1,0,0,0,511,15,1,3,41.87866928,1.369863014,3.913894325,4.686888454,2.935420744,2,1,2,2,3,1,2,1,14
168,9,2009,10,0,0,0,26,0,0,0,0,94,0,0,7,0,0,0,0,0,85,0,0,6,0,0,0,0,0,0,0,0,60,0,0,0,0,21,0,0,0,2,0,0,0,0,42,13,0,0,0,0,11,0,0,0,0,0,1,0,4,0,0,29,0,1,0,1,0,30,1,11,0,0,0,0,3,0,0,0,52,0,1,0,0,1,0,0,0,502,18,2,7,39.0438247,6.573705179,7.96812749,4.764940239,5.179282869,2,2,4,2,1,2,2,2,17
169,9,2010,6,0,0,0,36,0,0,0,0,286,0,0,2,0,0,0,0,0,33,0,0,0,0,0,0,0,0,0,0,0,3,0,0,0,0,3,0,0,0,0,0,0,0,0,38,8,0,0,0,0,5,0,0,0,0,3,0,0,0,0,0,1,0,0,0,0,0,1,0,1,0,0,0,0,2,0,0,0,64,0,0,0,7,1,0,2,0,496,15,2,3,68.75,1.209677419,2.016129032,4.403225806,2.419354839,2,2,2,4,3,1,3,1,18
170,9,2010,10,3,0,0,17,0,0,0,0,102,0,0,0,0,0,1,0,0,54,0,0,3,0,0,0,1,0,0,0,0,24,0,0,0,0,5,0,0,0,0,0,0,0,0,59,18,0,0,0,0,8,0,0,2,0,0,0,0,0,0,0,0,1,0,0,0,0,34,0,10,0,0,0,0,0,0,0,0,192,0,0,0,0,7,0,0,0,541,15,4,2,26.80221811,2.033271719,6.469500924,4.927911275,6.469500924,2,4,1,1,2,2,2,2,16
171,9,2011,6,4,0,0,6,0,0,0,0,226,0,0,0,0,0,0,0,1,83,0,0,1,0,0,0,0,0,0,0,0,4,0,1,0,0,0,0,0,0,0,0,0,0,0,57,7,0,0,0,0,1,0,0,0,0,0,0,0,0,0,0,17,0,1,0,1,0,3,0,4,0,0,0,0,1,0,0,0,77,0,0,0,7,0,0,0,0,502,16,2,3,52.58964143,0.398406375,2.390438247,4.671314741,2.788844622,2,2,2,3,5,1,2,1,18
172,9,2011,10,0,0,0,108,0,0,0,0,46,0,0,0,0,0,0,0,0,34,0,0,5,0,1,0,0,0,0,0,0,8,0,0,0,0,12,0,0,0,0,0,0,0,0,23,2,0,0,0,0,24,0,0,0,0,0,0,0,2,0,0,52,1,0,0,0,0,0,0,5,0,0,0,0,5,0,0,0,157,0,0,0,0,4,0,0,0,489,15,2,4,50.9202454,4.08997955,0.204498978,5.044989775,2.862985685,2,2,2,3,1,1,1,1,13
173,9,2012,6,1,0,0,2,0,0,0,0,128,0,0,0,0,0,0,0,0,119,0,0,0,0,0,0,0,0,0,0,0,9,1,0,0,0,6,1,0,0,0,8,0,0,0,72,34,0,0,0,1,8,0,0,0,2,1,0,0,0,0,0,24,0,0,0,1,1,2,0,3,0,0,0,0,6,0,0,0,98,0,0,0,1,1,0,0,0,530,18,3,4,34.1509434,1.320754717,1.132075472,4.9,7.547169811,2,3,2,2,3,1,2,3,18
174,9,2012,10,0,0,0,19,0,0,0,0,68,0,0,2,0,0,0,0,0,28,2,0,6,0,0,0,0,0,0,0,0,21,0,0,0,0,18,0,0,0,2,0,1,0,0,37,24,0,1,0,1,13,0,0,2,0,0,0,0,0,0,0,15,0,0,0,1,0,6,0,17,0,0,0,0,6,0,0,0,192,0,0,0,0,11,0,0,0,493,18,5,5,31.03448276,5.679513185,2.636916836,5.107505071,9.53346856,2,5,3,2,1,1,1,4,19
175,9,2013,10,2,0,0,53,0,0,0,0,70,0,0,0,0,0,0,0,0,50,0,0,8,0,0,0,0,0,0,0,0,32,0,0,0,0,44,0,0,0,0,0,3,0,0,2,21,0,0,0,2,62,0,0,2,0,1,0,0,3,0,0,48,1,1,0,0,0,0,1,12,0,0,0,0,0,0,0,0,3,0,0,0,1,1,0,0,0,423,19,5,5,68.79432624,14.89361702,0.236406619,4.90070922,9.929078014,3,5,3,4,1,1,2,4,23
176,9,2014,6,1,0,0,14,0,0,0,0,12,0,0,2,0,0,0,0,2,114,0,0,5,0,0,0,0,0,0,0,0,13,0,0,0,0,17,0,2,0,0,3,0,0,0,42,8,0,0,1,0,167,0,0,0,0,5,0,0,0,0,0,4,0,0,0,0,0,2,3,21,0,0,0,0,7,1,0,0,3,55,0,0,1,1,0,10,0,516,21,3,3,43.02325581,15.89147287,1.162790698,4.901162791,5.23255814,3,3,2,2,1,1,2,2,16
177,9,2014,10,4,0,0,12,0,0,0,0,91,0,0,0,1,0,0,0,0,105,0,0,3,0,0,0,0,0,0,0,0,42,0,0,0,0,19,0,0,0,2,0,0,0,0,63,38,0,0,0,0,40,0,0,4,0,1,0,0,0,0,1,2,0,3,0,0,0,14,0,10,0,0,0,0,7,0,0,0,14,0,0,0,3,13,0,0,0,492,18,4,3,39.02439024,6.300813008,4.06504065,4.68902439,12.80487805,2,4,2,2,1,1,2,5,19
178,10,2001,6,2,0,0,0,0,0,0,0,20,0,0,0,0,0,0,0,0,85,0,1,0,0,0,0,0,0,0,0,0,11,0,0,0,0,114,0,0,0,0,0,0,0,0,77,20,0,0,0,0,4,0,0,0,0,2,0,0,0,1,1,5,0,0,0,0,0,0,0,0,0,0,0,0,1,1,0,0,14,0,0,0,1,1,0,0,0,361,14,3,3,41.27423823,32.4099723,0.831024931,5.520775623,6.925207756,1,3,2,2,1,1,1,3,14
179,10,2001,11,1,0,0,3,0,0,1,0,91,0,0,0,0,0,0,0,1,5,0,0,1,0,0,0,3,0,0,0,0,27,0,0,0,0,0,0,0,0,0,1,0,0,0,49,2,0,0,0,1,3,0,0,0,0,0,0,0,0,0,0,3,0,0,0,0,0,13,1,1,0,0,0,0,0,1,0,0,108,0,0,0,0,0,0,0,0,316,14,2,2,32.59493671,0.316455696,5.379746835,4.655063291,3.164556962,1,2,1,2,5,2,2,1,16
180,10,2002,6,4,0,0,1,0,0,0,0,41,0,0,0,0,0,0,0,0,115,0,0,0,0,0,0,0,0,0,0,0,7,0,0,0,0,6,0,0,0,0,0,0,0,0,93,13,0,0,0,0,13,0,0,0,0,6,0,0,0,0,0,4,0,0,0,0,0,2,0,0,0,0,0,0,3,0,0,0,99,0,0,0,0,0,0,1,0,408,12,3,1,16.91176471,2.941176471,0.490196078,5.164215686,5.637254902,1,3,1,1,2,1,1,2,12
181,10,2002,10,5,0,0,11,0,0,0,0,78,0,0,1,0,0,0,0,0,65,0,0,0,0,0,0,2,0,0,0,0,35,0,0,0,0,10,0,0,0,0,0,0,0,0,20,36,0,0,0,1,7,0,0,1,0,1,0,0,3,0,0,7,0,0,0,0,0,2,0,4,0,0,0,0,1,0,0,0,9,0,0,0,0,0,0,0,0,299,16,4,3,41.13712375,5.016722408,1.672240803,4.672240803,16.05351171,2,4,2,2,1,1,2,5,19
182,10,2003,6,6,0,0,5,0,0,0,0,209,0,0,0,1,0,0,0,0,40,0,0,0,0,0,0,0,0,0,0,0,7,0,0,0,0,6,0,0,0,6,1,0,0,0,143,11,0,0,0,0,8,0,0,0,0,3,0,0,0,0,0,4,0,0,0,0,1,0,0,1,0,0,0,0,7,0,0,0,45,0,0,0,0,0,0,0,0,504,15,3,2,47.81746032,1.984126984,1.388888889,4.420634921,4.166666667,2,3,1,3,2,1,3,1,16
183,10,2003,10,5,0,0,12,0,0,0,0,89,0,0,1,0,0,0,0,1,145,0,0,7,0,0,0,1,0,0,0,0,47,0,0,0,0,3,0,0,0,0,0,0,0,0,53,30,0,0,0,0,8,0,0,0,0,0,0,0,0,0,0,5,3,0,0,0,0,26,0,1,0,0,0,0,0,0,0,0,65,0,0,0,0,13,0,0,0,515,16,3,4,26.99029126,2.524271845,5.436893204,4.887378641,11.06796117,2,3,2,1,2,2,2,4,18
184,10,2004,6,25,0,0,4,0,0,0,0,71,0,0,1,0,0,0,0,0,89,0,0,1,0,0,0,0,0,0,0,0,72,0,0,0,0,12,0,0,0,0,1,0,0,0,112,28,0,0,0,0,30,0,0,0,0,9,0,0,0,0,0,7,0,0,0,0,0,3,0,2,0,0,0,0,2,0,0,0,44,0,0,0,4,0,0,0,0,517,16,3,2,29.98065764,4.255319149,1.547388781,4.713733075,12.18568665,2,3,1,2,1,1,2,5,17
185,10,2004,10,3,0,0,6,0,0,0,0,177,0,0,1,0,0,0,0,0,82,0,0,10,0,0,0,0,0,0,0,0,61,0,0,0,0,4,0,0,0,0,1,2,0,0,58,40,0,0,0,0,9,0,0,0,0,0,0,0,1,0,0,2,0,1,0,0,0,6,0,2,0,0,0,0,2,0,0,0,31,0,0,0,0,14,0,0,0,513,18,4,5,43.07992203,3.50877193,1.364522417,4.600389864,13.64522417,2,4,3,2,2,1,2,5,21
186,10,2005,6,1,0,0,5,0,0,0,0,215,0,0,1,0,0,0,0,0,18,0,0,0,0,0,0,1,0,0,0,0,3,1,0,0,0,3,0,0,0,0,0,0,0,0,51,0,0,0,0,0,5,0,0,0,0,1,0,0,0,0,0,0,0,0,0,0,0,6,0,0,0,0,0,0,0,0,0,0,225,0,0,0,0,0,0,0,0,536,12,3,1,42.91044776,0.746268657,1.492537313,4.916044776,0.746268657,1,3,1,2,4,1,2,1,15
187,10,2005,10,0,0,0,6,0,0,0,0,58,0,0,0,0,0,0,0,0,2,0,0,1,0,0,0,1,0,0,0,0,6,0,1,0,0,11,0,0,0,0,0,0,0,0,21,24,0,0,0,0,0,0,0,0,0,0,1,0,0,0,0,8,0,0,0,0,0,2,0,2,1,0,0,0,0,0,0,0,344,0,0,0,0,0,0,0,0,489,13,2,2,17.38241309,2.658486708,0.81799591,5.505112474,5.316973415,1,2,1,1,2,1,1,2,11
188,10,2006,6,1,0,0,1,0,0,0,0,176,0,0,0,0,0,0,0,0,24,0,0,0,0,0,0,0,0,0,0,0,10,0,0,0,0,1,0,0,0,0,6,0,0,0,155,2,0,0,0,0,11,0,0,0,0,0,0,0,0,0,0,2,0,0,0,0,0,4,0,2,0,0,0,0,0,0,0,0,137,0,0,0,0,0,0,0,0,532,11,3,1,37.21804511,0.187969925,0.751879699,4.609022556,0.563909774,1,3,1,2,5,1,2,1,16
189,10,2006,10,1,0,0,26,0,0,0,0,130,0,0,0,0,0,0,0,0,31,0,0,10,0,0,0,1,0,0,0,1,83,0,0,0,0,2,0,0,0,0,0,0,0,0,26,35,0,0,0,0,3,0,0,3,0,0,0,0,0,0,0,9,0,2,0,0,0,35,0,4,0,0,0,0,1,0,0,0,87,0,0,0,0,1,0,0,0,491,17,4,3,36.04887984,3.462321792,7.33197556,4.586558045,10.59063136,2,4,2,2,2,2,2,4,20
190,10,2007,6,0,0,0,7,0,0,0,0,89,0,0,0,0,0,0,0,0,56,0,0,1,0,0,0,1,0,0,0,1,34,0,0,0,0,146,0,0,0,2,2,1,0,0,33,8,0,0,0,0,39,0,0,0,0,15,0,0,0,0,0,28,0,1,0,0,0,7,0,3,0,0,0,0,7,0,0,0,4,0,0,0,0,0,0,0,0,485,17,3,2,64.53608247,33.81443299,2.06185567,5.35257732,5.567010309,2,3,1,4,1,1,1,2,15
191,10,2007,10,0,0,0,1,0,0,0,0,162,0,0,0,0,0,0,0,0,81,0,0,6,0,0,0,1,0,0,0,1,36,0,0,0,0,19,0,0,0,0,0,1,0,0,54,42,0,0,0,0,10,0,0,1,0,1,0,0,0,0,0,54,0,1,0,0,0,4,0,3,0,0,0,0,15,0,0,0,42,0,0,0,0,0,0,0,0,535,17,4,2,46.54205607,5.420560748,0.934579439,4.773831776,9.906542056,2,4,1,3,1,1,2,4,18
192,10,2008,6,1,0,0,0,0,0,0,0,197,0,0,0,0,0,0,0,0,22,0,0,0,0,0,0,0,0,0,0,0,7,0,0,0,0,0,0,0,0,1,3,0,0,0,110,1,0,0,1,0,7,0,0,0,0,1,0,0,0,0,0,0,0,0,0,0,0,6,0,1,0,0,0,0,1,0,0,0,147,0,0,0,0,3,0,0,0,509,11,1,1,41.45383104,0.196463654,1.571709234,4.656188605,1.178781925,1,1,1,2,5,1,2,1,14
193,10,2008,10,1,0,0,15,0,0,0,0,143,0,0,1,0,0,0,0,4,68,0,0,7,0,0,0,5,0,0,0,0,92,0,0,0,0,9,0,0,0,0,0,0,0,0,5,17,0,0,0,2,10,0,0,0,0,0,0,0,0,0,0,32,0,0,0,0,0,2,1,5,0,0,0,0,1,0,0,0,71,0,0,0,1,3,0,0,0,495,17,3,3,43.43434343,3.232323232,1.818181818,4.727272727,7.676767677,2,3,2,2,2,1,2,3,17
194,10,2008,11,1,0,0,15,0,0,0,0,116,0,0,2,0,0,0,0,0,107,0,0,2,0,0,0,2,0,0,0,0,62,1,0,0,0,2,0,0,0,0,2,0,0,0,38,11,0,0,0,0,23,0,0,0,0,0,0,0,0,0,0,15,0,0,0,0,0,34,0,1,0,0,0,0,0,0,0,0,63,0,0,0,0,6,0,0,0,503,16,3,3,36.18290258,0.795228628,7.554671968,4.656063618,4.572564612,2,3,2,2,4,2,2,2,19
195,10,2009,6,4,0,0,0,0,0,0,0,111,0,0,2,0,0,0,0,0,51,0,0,0,0,0,0,0,0,0,0,0,10,0,0,0,0,7,0,0,0,0,2,0,0,0,104,3,0,0,0,0,5,0,0,0,0,2,1,0,0,0,0,1,0,0,0,0,0,3,0,1,0,0,0,0,0,0,0,0,235,0,0,0,0,0,0,2,0,544,14,2,3,24.44852941,1.654411765,0.919117647,5.091911765,1.654411765,1,2,2,1,3,1,1,1,12
196,10,2009,10,0,0,0,15,0,0,0,0,41,0,0,1,0,0,0,0,0,23,0,0,3,0,0,0,0,0,0,0,0,20,0,0,0,0,7,0,0,0,0,0,0,0,0,10,13,0,0,0,0,4,0,0,3,0,0,0,0,0,0,0,17,1,0,0,0,0,2,0,1,0,0,0,0,0,0,0,0,333,0,0,2,0,1,0,0,0,497,15,3,4,18.10865191,3.219315895,0.60362173,5.587525151,4.426559356,2,3,2,1,2,1,1,2,14
197,10,2010,6,2,0,0,39,0,0,0,0,178,0,0,0,0,0,0,0,0,46,0,0,0,0,0,0,2,1,0,0,0,11,1,0,0,0,5,0,0,0,0,1,0,0,0,41,14,0,0,3,4,14,1,0,0,0,2,0,0,0,0,0,10,0,0,0,0,1,26,0,2,0,0,0,0,4,0,0,0,86,0,0,0,0,0,0,0,0,494,18,4,2,51.01214575,1.619433198,6.680161943,4.530364372,4.453441296,2,4,1,3,3,2,3,2,20
198,10,2010,10,1,0,0,27,0,0,0,0,69,0,0,12,0,0,0,0,0,36,0,0,11,0,0,0,0,0,0,0,0,152,0,0,0,0,3,0,0,0,0,2,1,0,0,21,38,0,0,0,0,8,0,0,0,0,0,0,0,0,0,0,8,0,1,0,0,0,5,0,5,1,0,0,0,3,0,0,0,75,0,0,0,1,10,0,0,0,490,19,4,4,29.18367347,3.469387755,3.673469388,4.604081633,12.44897959,3,4,2,1,2,1,2,5,20
199,10,2011,6,8,0,0,12,0,0,0,0,207,0,0,2,0,0,0,0,1,152,0,0,0,0,0,0,0,0,0,0,0,8,1,2,0,0,3,0,0,0,0,7,0,0,0,29,14,0,0,4,0,3,0,0,0,0,0,0,0,0,0,0,20,0,1,0,2,2,3,0,10,0,0,0,0,2,0,0,0,5,0,0,0,3,0,0,0,0,501,20,3,5,54.29141717,0.798403194,3.592814371,4.648702595,5.588822355,3,3,3,3,4,1,2,2,21
200,10,2011,9,3,0,0,35,0,0,0,0,23,0,0,0,0,0,0,0,0,7,3,0,18,0,0,0,1,0,0,0,0,54,0,0,0,0,44,0,0,0,0,0,0,0,0,8,17,0,0,0,0,10,0,0,0,0,2,0,0,7,0,0,47,0,12,0,0,0,0,0,37,0,0,0,0,17,0,0,0,3,0,0,0,0,8,0,0,0,356,18,3,5,53.93258427,23.31460674,1.123595506,5.06741573,16.57303371,2,3,3,3,1,1,1,5,19
201,10,2011,10,0,0,0,49,0,0,0,0,102,0,0,1,0,0,0,0,0,99,0,0,7,0,0,0,0,1,0,0,0,31,0,2,0,0,12,0,0,0,7,1,2,0,0,12,38,0,0,0,0,16,0,0,0,0,0,0,0,0,0,0,32,0,2,0,0,0,8,5,20,0,0,0,0,31,0,0,0,15,0,0,0,0,2,0,0,0,495,18,4,4,44.84848485,4.848484848,3.636363636,4.755555556,10.90909091,2,4,2,2,1,1,2,4,18
202,10,2012,6,5,0,0,5,0,0,0,0,158,0,0,1,0,0,0,0,0,170,1,0,0,0,0,0,0,0,0,0,0,9,0,0,0,0,0,0,0,0,0,2,0,0,0,15,53,0,0,1,6,22,0,0,0,0,2,0,0,0,1,0,15,0,1,0,0,0,5,0,2,0,0,0,0,20,0,0,0,0,0,0,0,1,0,0,0,0,495,16,2,5,42.82828283,0.606060606,2.02020202,4.761616162,12.32323232,2,2,3,2,4,1,2,5,21
203,10,2012,10,8,0,0,277,0,0,0,0,340,0,0,7,0,0,0,0,0,658,16,0,55,0,0,0,2,0,0,0,0,146,5,0,0,0,135,0,0,0,12,3,2,0,0,117,49,0,0,0,13,183,0,0,3,0,2,0,0,71,0,0,168,0,41,0,1,0,48,18,56,2,0,0,0,28,0,0,0,22,0,0,0,0,44,0,0,0,2532,25,5,7,51.30331754,12.28278041,3.396524487,5.050157978,10.90047393,4,5,4,3,1,1,1,4,23
204,10,2012,11,5,0,0,259,0,0,0,0,136,0,0,2,1,0,0,0,0,598,9,0,23,0,0,0,0,1,0,0,0,54,1,0,0,0,33,1,1,0,2,3,5,0,0,46,57,0,0,0,23,155,0,0,0,0,0,0,0,14,0,0,153,0,22,0,3,4,19,11,35,0,0,0,0,43,0,0,0,9,0,0,0,4,18,0,0,0,1750,26,5,8,47.25714286,5.657142857,2.514285714,5.005142857,8.628571429,4,5,4,3,1,1,1,3,22
205,10,2014,6,0,0,0,22,0,0,0,0,81,0,0,0,0,0,0,0,0,63,0,0,0,0,0,0,0,0,0,0,0,12,0,0,0,0,149,0,2,0,0,0,0,0,0,0,0,0,0,0,0,73,0,0,0,0,3,0,0,0,0,0,22,73,1,0,0,0,0,3,0,0,0,0,0,0,0,0,0,3,0,0,0,0,5,0,1,0,513,14,2,4,83.04093567,44.0545809,0,5.77582846,2.53411306,1,2,2,5,1,1,1,1,14
206,10,2014,10,1,0,0,18,0,0,0,0,128,0,0,0,0,0,0,0,0,76,0,0,0,0,0,0,1,0,2,0,0,21,0,0,0,0,9,0,0,0,3,0,1,0,0,5,15,0,0,0,1,83,0,0,0,0,0,0,0,4,0,0,10,1,0,0,0,0,2,0,7,0,0,0,0,1,0,0,0,111,0,0,0,0,2,0,0,0,502,17,4,4,51.19521912,2.988047809,1.593625498,4.848605578,4.780876494,2,4,2,3,2,1,2,2,18
207,10,2015,10,1,0,0,3,0,0,0,0,64,0,0,0,1,0,0,0,0,125,0,0,3,0,0,1,0,0,0,0,0,7,0,0,0,0,108,0,0,0,0,0,0,0,0,5,3,0,0,0,0,23,0,0,0,1,0,0,0,0,0,0,14,17,0,0,0,0,0,0,7,0,0,0,0,4,0,0,0,57,0,0,0,0,4,0,2,0,450,17,3,3,52.22222222,28.66666667,0,5.746666667,2.666666667,2,3,2,3,1,1,1,1,14
208,11,2001,6,12,0,0,0,0,0,0,0,6,0,0,10,0,0,0,0,0,109,1,0,0,1,2,0,0,0,0,0,0,14,6,0,0,0,1,0,6,0,0,1,0,0,0,3,0,0,0,0,0,1,0,1,0,1,0,3,0,0,2,1,29,0,0,0,2,0,0,2,0,0,0,0,0,0,24,0,2,40,0,0,0,4,0,0,0,0,284,21,3,7,26.05633803,0.704225352,8.098591549,4.816901408,11.61971831,3,3,4,1,4,2,2,4,23
209,11,2002,6,1,0,0,0,0,0,0,0,26,0,0,0,0,0,0,0,0,122,0,0,0,0,0,0,0,0,0,0,0,3,1,4,0,0,1,0,2,0,0,15,0,0,0,2,0,0,0,2,0,0,0,0,0,0,0,0,0,0,0,0,18,0,0,0,1,0,0,0,0,0,0,0,0,0,5,1,0,39,0,0,0,0,0,0,0,0,243,12,2,2,27.16049383,0.411522634,2.880658436,5.238683128,2.057613169,1,2,1,1,5,1,1,1,13
210,11,2002,10,3,0,0,0,0,0,0,0,5,0,0,4,0,0,0,0,0,210,1,0,0,0,0,0,0,0,0,0,0,4,0,15,0,0,0,0,5,0,0,11,0,0,0,4,0,0,0,1,0,0,5,0,0,0,0,0,0,0,1,0,10,0,0,0,0,0,0,2,0,0,0,0,0,0,0,0,3,8,0,0,0,0,0,0,0,0,292,14,1,4,18.83561644,0,9.246575342,5.321917808,4.794520548,1,1,2,1,5,3,1,2,16
211,11,2003,6,20,0,0,0,0,0,0,0,34,0,0,0,0,0,0,0,0,193,0,0,0,0,1,0,0,0,0,0,0,0,4,4,0,0,0,0,5,0,0,5,0,0,0,0,0,0,0,2,0,0,1,0,0,1,0,0,0,0,7,0,114,0,0,0,1,0,0,0,0,0,1,0,0,0,2,0,0,105,0,0,0,0,0,0,0,0,500,13,1,3,37.2,0,3.2,5.376,6.2,1,1,2,2,5,1,1,2,15
212,11,2003,10,35,0,0,0,0,0,0,0,12,0,0,10,0,1,0,2,1,260,4,0,0,0,7,0,0,0,0,0,0,7,3,7,0,0,0,0,5,0,0,3,0,0,1,10,0,0,0,6,0,0,5,0,0,0,0,0,0,0,0,0,69,0,0,0,0,0,0,2,0,0,0,0,0,0,3,0,4,41,0,0,0,1,0,0,2,0,501,21,1,5,29.74051896,0,8.582834331,5.219560878,12.3752495,3,1,3,1,5,2,1,5,21
213,11,2004,6,0,0,0,0,0,0,0,0,6,0,0,0,0,0,0,0,1,33,0,0,0,0,0,0,0,0,0,0,0,4,2,0,0,0,0,0,1,0,0,10,0,0,1,1,0,0,0,2,0,0,0,0,0,1,0,6,0,1,0,0,14,0,0,0,0,1,0,0,0,0,0,0,0,0,2,0,1,0,0,0,0,1,0,0,0,0,88,14,0,4,44.31818182,1.136363636,4.545454545,4.909090909,9.090909091,1,1,2,2,4,2,2,3,17
214,11,2004,10,20,0,0,0,0,0,0,0,13,0,0,29,0,0,0,1,0,36,1,0,1,0,1,0,0,0,0,0,0,11,2,2,0,0,0,0,0,0,0,1,0,0,0,25,0,0,0,5,0,0,0,0,0,0,0,0,0,2,8,0,162,0,0,0,0,0,0,0,0,0,0,0,0,0,3,0,0,196,0,0,0,2,0,0,0,0,521,17,1,6,46.2571977,0.575815739,9.404990403,5.105566219,5.182341651,2,1,3,3,4,3,1,2,19
215,11,2005,6,16,0,0,0,0,0,3,0,189,0,0,2,0,0,0,0,0,60,1,0,0,0,0,0,1,0,1,0,0,43,2,2,0,0,0,0,4,0,0,50,0,0,0,7,0,0,0,2,0,0,0,0,0,0,0,7,0,1,9,0,12,0,0,0,2,0,0,0,0,0,1,3,0,0,28,1,0,50,0,0,0,2,0,0,0,0,499,21,1,9,59.91983968,0.200400802,5.611222445,4.146292585,6.012024048,3,1,5,3,5,2,4,2,25
216,11,2005,10,43,0,0,0,0,0,0,0,7,0,0,20,0,0,0,0,0,121,9,0,2,0,0,0,1,0,0,0,0,15,2,8,0,0,0,0,1,0,0,36,0,0,0,18,0,0,0,0,0,0,0,0,0,0,0,0,0,1,14,0,115,0,1,0,1,0,0,0,0,0,0,1,0,0,5,0,0,71,0,1,0,1,0,0,0,0,494,21,1,8,52.0242915,1.012145749,11.13360324,4.884615385,12.14574899,3,1,4,3,4,3,2,5,25
217,11,2006,6,7,0,0,0,0,0,0,0,34,0,0,0,0,0,0,1,0,94,4,0,0,0,0,0,0,0,0,0,0,9,2,1,0,0,0,0,0,0,0,19,0,1,0,1,0,0,0,5,0,0,0,0,0,0,0,0,0,0,1,0,28,0,0,0,0,4,0,0,0,0,0,1,0,0,10,1,0,4,0,0,0,2,0,0,0,0,229,16,1,6,44.54148472,0,8.296943231,4.624454148,7.423580786,2,1,3,2,5,2,2,3,20
218,11,2006,10,11,0,0,4,0,0,0,0,10,0,0,98,0,0,0,0,1,134,4,0,0,0,1,0,0,0,0,0,0,37,1,8,0,0,0,0,2,0,0,4,0,0,0,29,0,0,0,5,0,0,7,1,0,0,0,1,0,0,15,0,83,0,0,0,0,0,0,0,0,0,0,0,0,0,4,4,0,9,0,0,0,3,0,0,0,0,476,20,2,6,52.31092437,0,29.83193277,4.319327731,4.201680672,3,2,3,3,5,5,3,1,25
219,11,2007,6,30,0,0,1,0,0,3,0,14,0,0,12,0,0,0,0,2,222,0,0,0,0,1,0,0,0,0,0,0,18,9,1,0,0,0,0,0,0,0,9,0,0,0,0,0,0,0,15,0,0,0,2,0,12,0,2,0,0,3,0,74,0,0,0,0,0,0,0,0,0,0,1,0,0,3,0,0,53,0,0,0,3,0,0,0,0,490,19,2,7,31.63265306,0,8.367346939,5.173469388,9.183673469,3,2,4,2,5,2,1,3,22
220,11,2007,10,9,0,0,0,0,0,0,0,20,0,0,27,0,0,0,0,0,259,17,0,0,0,7,0,0,0,0,0,0,12,2,13,0,0,0,0,1,0,0,2,0,1,0,13,0,0,0,5,0,1,0,1,0,1,0,0,0,0,14,0,81,0,0,0,0,0,0,0,0,0,0,0,0,1,3,0,0,3,0,0,0,2,0,0,0,0,495,19,1,5,37.77777778,0,17.37373737,4.878787879,7.272727273,3,1,3,2,5,4,2,3,23
221,11,2008,6,8,0,0,0,0,0,0,0,6,0,0,1,0,0,0,2,0,283,10,0,0,0,1,0,0,0,3,0,0,19,6,0,0,0,5,0,1,0,0,0,0,0,0,1,1,0,0,12,0,0,0,2,0,0,0,1,0,0,3,0,60,0,0,0,0,0,0,0,0,5,0,0,0,0,8,0,1,53,0,0,2,6,0,0,0,0,500,21,2,7,20.8,2.4,8,5.348,6,3,2,4,1,2,2,1,2,17
222,11,2008,10,11,0,0,1,0,0,0,0,4,0,0,25,0,0,0,0,0,220,5,0,0,0,10,0,0,0,0,0,0,16,2,2,0,0,0,1,16,0,0,8,0,0,0,5,0,0,0,7,1,0,0,0,0,0,0,1,0,0,0,0,118,0,1,0,0,0,0,1,1,0,5,0,0,0,2,3,3,23,0,0,0,2,0,0,0,0,494,19,2,5,36.03238866,0.20242915,10.52631579,5.018218623,9.71659919,3,2,3,2,5,3,1,4,23
223,11,2009,6,18,0,0,0,0,0,0,0,65,0,0,0,0,0,0,0,2,252,8,0,0,0,1,0,0,0,1,0,0,31,6,1,0,0,0,1,9,0,0,1,0,0,0,2,0,0,0,3,0,0,0,1,0,0,0,0,0,0,2,0,56,0,0,0,2,0,0,0,0,0,1,0,0,0,6,0,0,0,0,0,0,15,0,0,2,0,486,18,1,5,34.77366255,0,7.201646091,5,9.465020576,2,1,3,2,5,2,1,4,20
224,11,2009,10,17,0,0,0,0,0,0,0,5,0,0,1,0,0,0,0,1,201,32,0,0,0,7,0,0,0,0,0,0,38,5,0,0,0,0,0,15,0,0,4,0,0,0,0,1,0,0,28,2,0,1,0,0,0,0,2,0,0,1,0,103,0,6,0,0,1,0,3,0,0,2,0,0,0,0,3,10,20,0,0,0,2,0,0,0,0,511,20,1,7,34.24657534,1.174168297,14.28571429,4.763209393,18.00391389,3,1,4,2,4,3,2,5,24
225,11,2010,6,17,0,0,0,0,0,0,0,24,0,0,3,0,0,0,0,2,313,0,0,1,0,0,0,0,0,0,0,1,6,8,0,0,0,2,0,4,0,0,4,0,0,0,0,0,0,0,4,1,0,0,0,0,0,0,4,0,0,0,0,80,0,0,0,0,0,0,0,0,0,0,1,0,0,0,0,0,23,0,0,0,2,0,0,0,0,500,17,2,4,27.4,0.6,2,5.568,6.6,2,2,2,1,4,1,1,2,15
226,11,2010,10,7,0,0,0,0,0,0,0,8,0,0,3,0,0,0,0,1,209,25,0,0,0,5,0,0,0,0,0,0,29,4,1,0,0,1,0,1,0,0,1,0,0,0,4,0,0,0,0,0,0,0,0,0,0,0,3,0,2,0,0,150,0,2,0,0,0,0,0,0,1,2,0,0,0,0,0,0,9,0,1,0,24,0,0,0,0,493,21,2,6,46.04462475,1.419878296,11.76470588,5.048681542,9.127789047,3,2,3,3,3,3,1,3,21
227,11,2011,6,34,0,0,0,0,0,0,0,33,0,0,1,0,0,0,0,1,377,0,0,0,0,3,0,0,0,0,0,0,4,10,1,0,0,1,0,5,0,0,9,0,0,0,1,0,0,0,2,0,0,0,1,0,0,0,1,0,0,4,0,21,0,0,0,2,0,0,0,0,0,1,1,0,0,1,2,0,39,0,0,0,0,0,0,1,0,556,20,2,7,19.60431655,0.179856115,2.697841727,5.543165468,9.892086331,3,2,4,1,5,1,1,4,21
228,11,2011,10,19,0,0,0,0,0,0,0,2,0,0,64,0,0,0,0,0,107,46,0,1,0,4,0,0,0,0,0,0,18,4,17,0,0,5,0,7,0,0,13,0,0,0,9,0,0,0,13,0,0,2,0,0,0,0,1,0,1,12,0,81,0,3,0,0,0,0,0,1,0,0,0,0,0,1,0,3,1,0,0,0,43,0,0,0,0,478,23,2,7,64.64435146,2.092050209,42.05020921,3.979079498,17.78242678,3,2,4,4,2,5,4,5,29
229,11,2012,6,13,0,2,0,0,0,0,0,17,0,0,0,0,0,1,2,3,321,3,0,0,0,0,0,0,0,0,0,0,18,5,1,0,0,0,0,2,0,0,10,0,0,0,1,0,0,0,0,0,0,0,0,0,0,0,0,0,0,4,0,32,0,3,0,0,2,0,0,0,0,0,0,0,0,3,3,0,49,0,0,0,5,0,0,0,0,500,19,1,6,18.8,0.6,3.8,5.494,5.8,3,1,3,1,4,1,1,2,16
230,11,2012,10,25,0,0,0,0,1,0,0,7,0,0,102,0,0,0,0,5,239,26,0,0,0,4,0,0,0,1,0,0,21,10,11,0,0,0,0,5,0,0,0,0,0,0,11,2,0,0,10,0,1,0,0,0,0,0,0,0,0,3,0,6,0,3,0,2,0,0,0,0,0,0,0,0,0,4,2,7,0,0,0,0,6,0,0,1,0,515,21,1,7,37.47572816,0.582524272,32.23300971,4.491262136,16.69902913,3,1,4,2,4,5,3,5,27
231,11,2013,10,30,0,0,0,0,0,0,0,0,0,0,51,0,2,0,0,5,105,0,0,1,0,26,0,0,0,0,0,0,38,3,0,0,0,0,0,6,0,0,0,0,0,0,1,0,0,0,48,0,0,0,0,0,0,0,0,0,0,0,0,11,0,0,0,0,0,0,4,0,0,0,0,1,0,5,9,3,1,0,0,0,5,0,0,0,0,355,15,1,3,27.88732394,0.281690141,37.46478873,3.98028169,21.97183099,2,1,2,1,5,5,4,5,25
232,11,2014,6,7,0,1,0,0,0,0,0,27,0,0,0,0,0,0,0,10,277,6,0,0,0,5,0,0,0,0,0,0,27,10,0,0,0,0,4,0,0,0,0,0,0,0,2,0,0,0,0,0,0,0,0,0,0,0,1,0,0,2,0,6,0,0,0,6,1,3,0,0,0,0,0,0,0,22,0,5,46,0,0,0,7,3,0,473,0,951,19,1,7,7.045215563,0,3.680336488,2.573080967,5.573080967,3,1,4,1,5,1,5,2,22
233,11,2014,10,26,0,1,1,0,0,0,0,3,0,0,0,0,0,0,0,15,227,8,0,0,0,8,1,0,0,0,0,0,29,3,0,0,2,1,0,8,0,0,1,2,0,1,0,0,0,0,0,0,0,0,0,1,0,0,0,0,0,0,0,5,1,3,0,1,2,0,0,0,0,0,0,0,0,0,0,1,19,1,0,0,0,0,0,1,0,372,27,5,6,15.05376344,2.419354839,5.376344086,5.497311828,20.69892473,4,5,3,1,2,2,1,5,23
234,11,2015,10,5,0,2,0,0,0,0,0,41,0,0,1,0,0,0,0,1,181,7,0,1,0,4,0,0,0,1,0,0,3,1,13,0,0,2,0,22,0,0,8,0,0,0,6,0,0,0,8,1,0,16,9,0,0,0,2,0,0,12,0,76,0,15,0,0,0,0,0,0,0,0,0,0,0,0,1,0,55,0,2,0,1,1,0,1,0,499,27,2,8,42.28456914,4.008016032,14.82965932,4.877755511,8.416833667,4,2,4,2,1,4,2,3,22
235,12,2001,6,8,0,0,0,0,0,0,0,5,0,0,9,0,0,0,1,0,156,0,0,0,2,0,0,0,0,0,0,0,4,1,28,0,0,0,0,2,0,0,3,0,0,0,5,0,0,0,2,0,0,0,1,0,0,0,0,0,0,1,0,16,0,0,0,1,0,0,0,0,0,0,2,0,0,0,0,0,6,0,0,0,2,0,0,1,0,256,19,2,7,30.859375,0.78125,18.359375,4.91015625,4.6875,3,2,4,2,4,4,2,2,23
236,12,2002,6,3,0,0,0,0,0,0,0,51,0,0,0,0,0,0,0,0,172,0,0,0,0,1,0,0,0,0,0,0,7,5,1,0,0,0,0,2,0,0,1,0,0,0,4,0,0,0,0,0,0,0,0,0,1,0,0,0,0,10,0,19,0,0,0,1,0,1,0,0,0,0,0,0,0,2,0,1,43,0,0,0,0,0,0,1,0,326,15,1,3,26.3803681,0,4.294478528,5.294478528,3.987730061,2,1,2,1,5,1,1,1,14
237,12,2002,10,7,0,0,0,0,0,0,0,22,0,0,1,0,0,0,4,0,91,1,0,2,0,8,0,0,0,0,0,0,22,1,21,0,0,1,1,2,0,0,20,0,0,0,28,3,0,0,1,0,0,4,0,0,0,0,0,0,1,7,0,2,0,0,0,5,1,0,0,0,0,0,0,0,0,0,0,1,37,0,0,0,3,0,0,0,0,297,23,2,8,33.67003367,1.346801347,19.19191919,4.498316498,10.77441077,3,2,4,2,3,4,3,4,25
238,12,2003,6,6,0,0,0,0,0,0,0,52,0,0,3,0,0,0,0,1,315,0,0,0,0,0,0,0,0,0,0,0,1,0,3,0,0,0,0,2,0,0,12,0,0,0,0,2,0,0,2,0,0,0,1,0,0,0,2,0,0,18,0,27,1,0,0,2,0,0,0,0,0,0,1,0,0,4,3,0,40,0,0,0,2,0,0,0,0,500,18,1,8,26,0.2,6.4,5.306,2.6,2,1,4,1,5,2,1,1,17
239,12,2003,10,16,0,0,0,0,0,0,0,25,0,0,9,0,1,0,6,1,265,0,0,6,0,13,0,0,0,0,0,0,44,2,28,0,0,1,1,12,0,0,7,0,0,0,26,0,0,0,10,0,0,2,0,0,0,0,0,0,0,13,1,3,0,0,0,0,0,0,0,0,0,0,0,0,0,0,0,3,10,0,0,0,0,0,0,0,0,505,20,2,5,21.98019802,1.386138614,16.63366337,4.817821782,10.4950495,3,2,3,1,3,4,2,4,22
240,12,2004,6,18,0,0,0,0,0,0,0,16,0,0,5,0,0,0,0,0,301,0,0,0,0,0,0,0,0,0,0,0,12,7,6,0,0,1,0,4,0,0,3,0,0,0,0,3,0,0,7,0,0,0,0,0,0,0,2,0,0,7,0,86,0,0,0,0,0,0,0,0,0,0,0,0,0,0,1,0,23,0,0,0,1,0,0,0,0,503,15,2,4,28.82703777,0.198807157,5.168986083,5.407554672,6.361829026,2,2,2,1,5,2,1,2,17
241,12,2004,10,6,1,0,0,0,0,0,0,41,0,0,21,0,0,0,0,0,114,0,0,0,0,1,0,0,0,0,0,0,28,6,5,0,0,2,0,8,0,0,13,0,0,0,19,9,0,0,2,0,0,3,0,0,0,0,0,0,0,64,0,115,0,1,0,4,0,0,1,0,0,0,3,0,0,0,0,0,18,0,0,0,0,0,0,0,0,485,19,2,6,57.31958763,0.618556701,21.44329897,4.426804124,7.422680412,3,2,3,3,4,4,3,3,25
242,12,2005,6,7,0,0,1,0,0,0,0,130,0,0,1,0,0,0,0,1,176,0,0,0,0,1,0,1,0,0,0,0,16,5,2,0,0,0,0,3,0,0,15,0,0,0,3,0,0,0,0,0,0,0,0,0,0,0,2,0,0,38,0,1,0,0,0,4,0,0,0,0,0,0,1,0,0,13,0,0,81,0,0,0,2,0,0,0,0,504,20,2,6,40.47619048,0,9.920634921,4.75,4.365079365,3,2,3,2,5,3,2,2,22
243,12,2005,10,12,0,0,0,0,0,0,0,44,0,0,34,0,0,0,9,2,138,1,0,0,0,1,0,0,0,0,0,0,30,1,91,0,0,3,0,4,0,0,25,0,0,0,14,1,0,0,0,0,2,0,0,0,0,0,0,0,0,26,0,17,0,0,0,3,1,0,0,0,0,0,0,0,0,0,0,1,9,0,0,1,7,0,0,0,0,477,23,2,7,57.65199161,0.838574423,36.26834382,3.86163522,5.870020964,3,2,4,3,4,5,4,2,27
244,12,2006,6,4,0,0,0,0,0,1,0,124,0,0,1,0,0,0,0,0,160,2,0,0,0,0,0,0,0,0,0,0,14,9,6,0,0,0,0,0,0,0,26,0,1,0,6,0,0,0,0,0,0,0,0,0,7,0,0,0,0,10,0,6,0,0,0,8,0,0,0,0,0,0,0,0,0,23,0,0,47,0,0,0,2,0,0,0,0,457,16,1,6,41.57549234,0,6.564551422,4.606126915,5.251641138,2,1,3,2,5,2,2,2,19
245,12,2006,10,15,0,0,2,0,0,0,0,13,0,0,35,0,0,0,19,0,218,0,0,0,0,1,0,0,0,0,0,0,12,1,27,0,0,0,0,2,0,0,13,0,0,0,24,2,0,0,3,0,0,0,2,0,0,0,3,0,0,38,0,72,0,0,0,8,0,0,0,0,0,0,2,0,0,1,4,0,11,0,0,0,3,1,0,0,0,532,21,2,9,47.55639098,0,25.93984962,4.428571429,5.639097744,3,2,5,3,5,4,3,2,27
246,12,2007,6,13,0,0,0,0,0,6,0,127,0,0,8,0,0,0,0,0,116,0,0,0,0,0,0,0,0,0,0,0,13,2,6,0,0,0,0,1,0,0,10,0,0,0,0,1,0,0,0,0,0,0,2,0,0,0,0,0,0,2,0,23,0,0,0,7,0,0,0,0,0,0,1,0,0,3,0,0,157,0,0,0,1,0,0,0,0,499,17,1,7,41.28256513,0,6.613226453,4.985971944,6.012024048,2,1,4,2,5,2,1,2,19
247,12,2007,10,50,0,0,0,0,0,0,0,106,0,0,180,0,0,0,6,2,438,10,0,0,0,0,0,0,0,0,0,0,28,8,54,0,0,0,0,2,0,0,0,0,0,0,17,2,0,0,0,0,0,2,0,0,0,0,0,0,0,18,0,45,0,0,0,0,4,0,1,0,0,0,4,0,0,2,10,0,8,0,0,0,4,0,0,0,0,1001,18,1,7,48.25174825,0,28.17182817,4.502497502,7.892107892,2,1,4,3,5,5,3,3,26
248,12,2008,6,13,0,0,0,0,0,0,0,8,0,0,0,0,0,0,0,0,403,0,0,0,0,0,0,0,0,0,0,0,12,0,1,0,0,8,0,0,0,0,0,0,0,0,0,2,0,0,5,0,0,1,0,0,0,0,0,0,0,4,0,40,0,0,0,1,0,0,0,0,0,0,0,0,1,0,0,0,8,0,0,0,1,0,0,0,0,508,13,2,3,15.15748031,1.57480315,2.559055118,5.708661417,3.149606299,1,2,2,1,3,1,1,1,12
249,12,2008,10,45,0,0,0,0,0,0,0,42,0,0,22,0,0,0,0,3,151,7,0,0,0,1,0,0,0,0,0,0,43,1,16,0,0,0,0,4,0,0,8,0,0,0,1,0,0,0,15,0,0,4,4,0,0,0,0,0,1,6,0,89,0,0,0,1,1,0,0,1,0,0,1,0,0,3,0,0,20,0,0,1,2,0,0,0,0,493,24,1,9,50.50709939,0.405679513,16.22718053,4.60040568,13.18458418,4,1,5,3,5,4,2,5,29
250,12,2009,6,23,0,0,0,0,0,0,0,84,0,0,1,0,0,0,0,0,135,1,0,0,0,3,0,0,0,0,0,0,30,4,1,0,0,3,0,11,0,0,4,0,0,0,3,3,0,0,5,0,0,3,0,0,1,0,3,0,0,3,0,53,0,0,0,0,0,0,0,0,0,0,0,0,0,2,1,2,3,0,0,0,9,0,0,1,0,392,20,2,5,47.95918367,0.765306122,6.632653061,4.790816327,11.98979592,3,2,3,3,4,2,2,4,23
251,12,2009,10,64,0,0,2,0,0,0,0,7,0,0,10,0,0,0,0,4,153,23,0,5,0,8,0,0,0,0,0,0,67,0,8,0,0,25,0,20,0,0,12,0,0,0,2,3,0,0,42,3,1,2,2,0,0,0,1,0,0,7,0,56,1,1,0,1,0,0,2,0,0,0,0,0,0,0,0,0,1,0,0,0,6,0,0,0,0,539,25,3,9,42.48608534,5.936920223,20.22263451,4.513914657,24.1187384,4,3,5,2,1,4,3,5,27
252,12,2010,6,22,0,0,0,0,0,0,0,45,0,0,2,0,1,0,0,3,295,0,0,1,0,4,0,0,0,0,0,0,7,7,1,0,0,0,0,4,0,0,4,0,0,0,0,12,0,0,1,0,0,0,2,0,0,0,1,0,0,6,0,34,0,0,0,1,0,0,0,0,0,0,0,0,0,2,2,0,34,0,0,0,4,0,0,0,0,495,20,1,7,24.84848485,0.202020202,4.444444444,5.377777778,10.90909091,3,1,4,1,5,2,1,4,21
253,12,2010,10,31,0,0,0,0,0,0,0,33,0,0,14,0,0,0,0,0,158,5,0,2,0,6,0,0,0,0,0,0,4,5,6,0,0,6,0,0,0,0,8,0,0,0,3,1,0,0,2,0,0,0,2,0,0,0,1,0,1,7,0,178,0,0,0,2,1,1,0,0,0,0,0,0,0,1,0,0,6,0,0,0,7,0,0,0,0,491,21,2,9,61.50712831,1.83299389,10.79429735,4.975560081,10.99796334,3,2,5,4,2,3,1,4,24
254,12,2011,6,23,0,0,0,0,0,0,0,44,0,0,0,0,0,0,0,0,344,2,0,0,0,2,0,0,0,0,0,0,8,5,0,0,0,0,0,3,0,0,14,0,0,0,2,0,0,0,2,0,0,0,0,0,0,0,0,0,0,4,0,7,0,0,0,2,0,0,0,0,0,0,0,0,0,3,0,1,60,0,0,1,0,0,0,0,0,527,15,1,4,18.21631879,0.189753321,2.277039848,5.540796964,7.400379507,2,1,2,1,5,1,1,3,16
255,12,2011,10,4,1,0,0,0,0,0,0,1,0,0,0,0,0,0,9,5,151,6,0,0,0,7,0,0,0,0,0,0,17,5,6,0,0,8,0,19,0,0,3,0,0,0,2,0,0,0,17,3,0,1,0,0,0,0,0,0,0,5,0,176,0,44,0,2,0,0,0,0,0,0,2,0,0,0,3,5,0,0,0,0,1,0,0,0,0,503,22,2,7,53.28031809,10.33797217,11.33200795,5.07554672,10.73558648,3,2,4,3,1,3,1,4,21
256,12,2012,6,13,0,0,0,0,0,0,0,42,0,0,5,0,0,0,0,0,399,4,0,0,0,0,0,0,0,0,0,0,5,0,1,0,0,2,0,1,0,0,12,0,0,0,1,0,0,0,0,0,0,0,1,0,1,0,0,0,0,5,0,17,0,0,1,4,0,2,0,0,0,0,0,0,0,4,3,0,61,0,0,0,9,0,1,0,0,593,17,2,7,19.56155143,0.337268128,5.396290051,5.463743676,3.70994941,2,2,4,1,5,2,1,1,18
257,12,2012,10,4,0,0,0,0,0,0,0,41,0,0,88,0,1,0,3,2,138,4,0,0,0,1,0,0,0,1,0,0,27,4,19,0,0,1,1,5,0,0,2,0,0,0,5,0,0,0,23,0,0,0,0,0,0,0,0,0,0,25,0,22,0,1,0,6,1,0,1,0,0,0,1,0,0,2,6,2,3,0,0,0,0,0,0,3,0,443,25,2,10,49.43566591,0.451467269,39.27765237,3.923250564,6.772009029,4,2,5,3,5,5,4,3,31
258,12,2013,10,1,0,1,0,0,0,0,0,50,0,0,37,0,0,0,2,1,129,12,0,2,0,7,0,0,0,0,0,0,15,1,60,0,0,0,0,6,0,0,10,0,0,0,2,0,0,0,18,0,4,0,2,0,0,0,2,0,1,6,0,53,0,0,0,3,4,0,0,0,0,0,0,0,0,5,16,0,1,0,0,0,7,1,0,0,0,459,26,1,11,55.77342048,0.653594771,34.64052288,3.74291939,8.496732026,4,1,5,3,4,5,4,3,29
259,12,2014,6,3,0,0,0,0,0,0,0,5,0,0,0,0,0,0,0,2,458,0,0,0,0,0,0,0,0,0,0,0,0,2,2,0,0,0,0,0,0,0,0,0,0,0,0,0,0,0,1,0,0,0,0,0,0,0,0,0,0,2,0,0,0,0,0,0,0,1,0,0,0,0,0,0,0,0,0,0,0,0,0,0,25,0,0,0,0,501,8,1,1,7.385229541,0,6.18762475,5.77245509,1.397205589,1,1,1,1,5,2,1,1,13
260,12,2014,10,22,0,0,0,0,0,0,0,0,0,0,4,0,0,0,1,6,325,0,0,5,0,15,0,0,0,0,0,0,25,1,2,0,0,2,0,12,0,0,0,0,0,0,0,0,0,0,11,0,0,0,2,2,1,0,0,0,0,11,0,12,0,1,0,0,0,0,0,0,0,0,0,0,0,2,3,0,0,0,0,0,10,0,0,0,0,475,18,3,6,14.52631579,2.105263158,11.78947368,5.309473684,13.26315789,2,3,3,1,2,3,1,5,20
261,13,2001,6,11,0,0,0,0,0,0,0,6,1,0,2,0,0,0,0,0,107,2,0,0,0,1,0,0,0,0,0,0,10,7,0,0,0,0,0,8,0,0,5,0,0,0,3,2,0,0,0,0,1,1,0,0,0,0,0,0,0,18,0,19,0,0,0,5,0,0,0,0,0,0,0,0,0,14,0,2,11,0,0,0,3,0,0,0,0,239,19,1,5,30.54393305,0.418410042,13.38912134,4.682008368,16.31799163,3,1,3,2,5,3,2,5,24
262,13,2002,6,5,0,0,1,0,0,0,0,10,0,0,7,0,0,0,0,2,197,1,0,0,0,0,0,0,0,0,0,1,6,1,0,0,0,0,0,6,0,0,5,0,0,0,10,0,0,0,0,0,0,0,0,0,0,0,0,0,0,13,0,17,0,0,0,1,1,0,0,0,0,0,0,0,0,4,0,1,34,0,0,0,0,0,0,1,0,324,19,2,6,18.82716049,0,7.098765432,5.327160494,5.864197531,3,2,3,1,5,2,1,2,19
263,13,2002,10,4,0,0,0,0,0,0,0,2,0,0,7,0,1,0,2,0,111,0,0,0,0,7,0,0,0,0,0,0,12,0,16,0,0,0,0,5,0,0,20,0,0,0,46,0,0,0,0,0,0,2,0,0,0,0,1,0,0,40,0,3,0,0,0,6,0,0,0,0,0,0,0,0,0,7,0,0,8,0,0,0,0,0,0,0,0,300,17,1,7,34.66666667,0,27,4.15,7.333333333,2,1,4,2,5,4,4,3,25
264,13,2003,6,6,0,0,0,0,0,0,0,29,0,0,2,0,0,0,0,0,243,0,0,0,0,0,0,0,0,0,0,0,12,5,4,0,0,0,0,15,0,0,39,0,0,0,9,1,0,0,0,0,0,0,0,0,0,0,0,0,0,63,0,10,0,0,0,1,0,0,0,0,0,2,1,0,0,16,4,0,38,0,0,0,0,0,0,0,0,500,14,1,5,31,0,14.2,4.706,5.6,1,1,3,2,5,3,2,2,19
265,13,2003,10,8,0,0,0,0,0,0,0,4,0,0,14,0,0,0,4,0,336,1,0,0,0,0,0,0,0,0,0,0,12,0,1,0,0,0,0,1,0,0,12,0,0,0,37,0,0,0,1,0,0,4,3,0,0,0,0,0,0,22,0,11,0,0,0,7,0,0,0,0,0,0,0,0,0,4,0,0,15,0,0,0,0,0,0,1,0,498,17,1,7,18.27309237,0,11.44578313,5.166666667,3.413654618,2,1,4,1,5,3,1,1,18
266,13,2004,6,3,0,0,0,0,0,4,0,8,0,0,5,0,0,0,0,0,265,0,0,0,0,0,0,0,0,1,0,0,22,6,3,0,0,0,0,12,0,0,43,0,0,0,8,1,0,0,0,0,0,0,0,0,0,0,1,0,0,24,0,49,0,0,0,0,1,0,0,0,0,0,3,0,0,4,1,0,35,0,0,0,2,0,0,0,0,501,18,1,7,29.14171657,0,8.582834331,5.103792415,5.389221557,2,1,4,1,5,2,1,2,18
267,13,2004,10,8,0,0,0,0,0,4,0,11,0,0,11,0,0,0,3,0,82,1,0,0,0,2,0,0,0,0,0,0,15,1,0,3,0,1,0,11,0,0,67,0,0,0,84,0,0,0,0,3,0,0,0,0,0,0,0,0,0,105,0,72,0,0,0,5,0,0,0,0,0,0,1,0,0,6,0,0,3,0,0,0,0,0,0,0,0,499,19,2,8,58.51703407,0.200400802,26.45290581,3.929859719,6.412825651,3,2,4,3,5,4,4,2,27
268,13,2005,6,8,0,0,0,0,0,4,0,104,0,0,8,0,0,0,1,0,105,0,0,0,0,0,0,1,0,0,0,0,41,7,11,0,0,2,19,4,0,0,59,0,0,0,15,0,0,0,1,0,0,3,1,0,6,0,0,0,0,42,0,9,0,0,0,21,4,0,1,1,0,1,1,0,0,8,2,0,49,0,0,0,1,2,0,0,0,542,24,2,10,51.84501845,0.36900369,21.77121771,3.988929889,9.594095941,4,2,5,3,5,4,4,4,31
269,13,2005,10,11,0,0,0,0,0,0,0,12,0,0,64,0,0,0,18,0,67,8,0,0,0,1,0,1,0,0,0,0,48,0,21,0,0,0,0,10,0,0,47,0,0,0,7,0,0,0,0,0,0,9,3,0,0,0,0,0,0,39,0,56,0,0,0,16,1,0,1,0,0,0,0,0,0,18,12,0,16,0,0,0,0,1,0,0,0,487,20,1,9,62.83367556,0,37.16632444,3.480492813,10.26694045,3,1,5,4,5,5,5,4,32
270,13,2006,6,4,0,0,0,0,0,7,0,54,0,0,4,0,0,0,0,3,116,5,0,0,0,0,0,1,0,0,0,0,21,14,2,0,0,0,0,1,0,0,46,0,1,0,5,0,0,0,4,0,0,0,0,0,0,0,1,0,0,33,0,15,0,0,0,12,0,0,0,0,0,0,1,0,0,22,1,0,115,0,0,0,6,0,0,0,0,494,21,1,8,38.46153846,0,15.18218623,4.508097166,9.51417004,3,1,4,2,5,4,3,4,26
271,13,2006,10,3,0,0,0,0,0,1,0,25,0,0,95,0,0,0,2,0,82,3,0,1,0,1,0,1,0,0,0,0,38,5,1,0,0,0,0,1,0,0,29,0,0,0,53,0,0,0,0,0,0,2,1,0,0,0,2,0,0,108,0,11,0,0,0,14,0,0,0,0,0,0,0,0,0,12,0,0,2,0,0,0,1,0,0,0,0,494,23,1,9,60.32388664,0.20242915,46.55870445,3.520242915,6.072874494,3,1,5,4,5,5,5,2,30
272,13,2007,6,9,0,0,0,0,0,3,0,11,0,0,6,0,0,0,0,2,228,4,0,0,0,1,0,1,0,3,0,0,25,22,0,0,0,0,0,5,0,0,26,0,0,0,1,1,0,0,0,0,0,0,10,0,0,0,1,0,2,30,0,27,0,0,0,8,0,0,0,0,0,0,1,0,0,17,5,0,58,0,0,0,3,0,0,0,0,510,23,1,10,27.64705882,0.392156863,13.7254902,4.8,11.37254902,3,1,5,1,5,3,2,4,24
273,13,2007,10,6,0,0,0,0,0,0,0,13,0,0,167,0,0,0,1,0,133,13,0,0,0,2,0,0,0,0,0,0,15,1,34,0,0,0,0,3,0,0,13,0,0,0,23,0,0,0,2,0,0,3,2,0,0,0,0,0,0,64,0,10,0,0,0,4,0,0,0,0,0,0,0,1,0,1,0,0,4,0,0,0,0,0,0,0,0,515,19,1,7,64.0776699,0,56.89320388,3.638834951,5.631067961,3,1,4,4,5,5,5,2,29
274,13,2008,6,26,0,0,0,0,0,0,0,3,0,0,7,0,0,0,0,3,228,11,0,0,0,11,0,0,0,0,0,0,50,24,1,0,0,1,0,28,0,0,0,0,0,0,1,0,0,0,0,0,0,0,1,0,1,0,1,0,0,23,0,4,2,0,0,5,0,0,0,0,4,0,1,3,0,4,11,1,27,0,0,2,4,0,0,0,0,488,25,2,9,18.44262295,1.844262295,13.7295082,4.918032787,22.74590164,4,2,5,1,2,3,2,5,24
275,13,2008,10,6,0,0,0,0,0,0,0,11,0,0,46,0,0,0,0,0,140,14,0,0,0,0,0,0,0,0,0,0,34,5,46,0,0,0,0,7,0,0,10,0,0,0,22,3,0,0,1,0,0,16,3,0,0,0,1,0,0,53,0,9,0,0,0,5,0,0,1,0,0,0,0,0,0,7,24,1,42,0,0,0,2,0,0,0,0,509,19,1,7,43.61493124,0,36.54223969,3.748526523,8.251473477,3,1,4,2,5,5,4,3,27
276,13,2009,6,9,0,0,0,0,0,0,0,10,0,0,1,0,0,0,0,2,157,7,0,0,0,6,0,0,0,0,0,0,35,10,0,0,0,1,0,9,0,0,14,0,0,0,0,3,0,0,2,0,0,1,3,0,4,0,1,0,0,16,0,58,0,0,2,0,0,0,0,0,0,0,0,0,0,4,11,1,12,0,0,1,3,0,0,1,0,384,23,2,7,32.8125,0.520833333,10.67708333,4.739583333,12.5,3,2,4,2,5,3,2,5,26
277,13,2009,10,9,0,0,0,0,0,0,0,8,0,0,109,0,0,1,0,0,77,50,0,0,0,0,0,0,0,2,0,0,91,4,15,0,0,0,0,9,0,0,10,0,0,0,41,1,0,0,0,0,0,7,0,0,0,0,0,0,0,13,0,10,0,0,0,5,0,1,0,0,0,2,0,0,0,7,13,1,19,0,0,1,0,0,0,0,0,506,19,1,5,46.64031621,0.197628458,39.92094862,3.549407115,16.00790514,3,1,3,3,5,5,5,5,30
278,13,2010,6,13,0,0,0,0,0,3,0,7,0,0,0,0,0,0,0,0,155,1,0,0,0,2,0,0,0,1,0,0,8,7,0,0,0,1,0,6,0,0,11,0,0,0,1,0,0,0,2,0,0,3,0,0,2,0,2,0,1,16,0,58,0,0,0,3,0,0,0,0,0,0,0,0,0,3,8,0,169,0,0,0,1,0,0,0,0,484,20,2,7,24.79338843,0.41322314,6.611570248,5.297520661,7.438016529,3,2,4,1,5,2,1,3,21
279,13,2010,10,12,0,0,0,0,0,0,0,12,0,0,11,0,0,0,9,7,201,2,0,0,0,2,0,0,0,0,0,0,11,1,18,0,0,0,0,7,0,0,12,0,0,0,15,1,0,0,0,0,0,2,1,0,0,0,0,0,1,7,0,73,0,0,0,0,0,0,1,0,0,0,0,0,0,7,4,0,69,0,0,0,11,0,0,0,0,497,20,1,7,34.40643863,0.201207243,12.67605634,4.945674044,6.841046278,3,1,4,2,5,3,2,3,23
280,13,2011,6,1,0,0,0,0,0,0,0,23,0,0,2,0,0,0,1,1,317,3,0,0,0,1,0,0,0,0,0,0,9,6,4,0,0,0,0,7,0,0,25,0,0,0,4,0,0,0,0,0,0,0,0,0,1,0,1,0,0,9,0,3,0,1,0,0,0,0,0,0,0,0,0,0,0,12,1,0,70,0,0,0,0,0,0,2,0,504,19,1,7,14.48412698,0.198412698,3.968253968,5.373015873,3.76984127,3,1,4,1,5,1,1,1,17
281,13,2011,10,7,0,1,0,0,0,0,0,2,0,0,27,0,3,0,0,1,135,14,0,0,0,2,0,0,0,2,0,0,15,7,21,0,0,0,0,15,0,0,9,0,0,0,12,0,0,0,19,0,0,4,9,0,0,0,0,0,0,20,0,36,0,1,0,5,0,1,5,0,0,0,0,0,0,9,31,8,11,0,0,0,2,0,0,0,0,434,24,1,8,37.09677419,0.230414747,29.95391705,3.758064516,14.74654378,4,1,4,2,5,5,4,5,30
282,13,2012,6,5,0,0,1,0,0,0,0,20,0,0,1,0,0,0,0,1,207,3,0,0,0,1,0,0,0,0,0,0,9,1,5,0,0,0,0,6,0,0,8,0,0,0,5,0,0,0,0,0,0,0,1,0,0,0,0,0,0,6,0,7,0,1,0,1,0,0,0,0,0,0,0,0,0,5,1,0,27,0,0,0,5,0,0,0,0,327,20,2,7,19.57186544,0.305810398,7.033639144,5.266055046,5.504587156,3,2,4,1,5,2,1,2,20
283,13,2012,10,25,0,0,0,0,0,0,0,20,0,0,93,0,3,0,4,2,169,9,0,0,0,4,0,0,0,0,0,0,10,1,40,0,0,0,0,2,0,0,4,0,0,0,6,0,0,0,10,0,0,2,0,0,4,0,0,0,0,39,0,23,0,1,0,2,0,0,0,0,0,0,0,0,0,1,8,1,0,0,0,0,2,0,0,0,0,485,21,1,8,55.05154639,0.206185567,42.88659794,3.948453608,9.484536082,3,1,4,3,5,5,4,4,29
284,13,2013,10,4,0,0,0,0,0,0,0,17,0,0,91,0,1,0,2,2,58,9,0,0,0,6,0,0,0,0,0,0,23,0,63,0,0,0,0,4,0,0,37,0,0,0,25,0,0,0,4,0,0,23,3,0,0,0,0,0,0,40,0,39,0,0,0,0,0,2,3,0,0,0,0,0,0,14,2,0,27,0,0,0,1,0,0,0,0,500,19,1,7,66,0,49,3.368,5.6,3,1,4,4,5,5,5,2,29
285,13,2014,6,9,0,0,0,0,0,0,1,4,0,0,1,0,0,0,0,9,354,1,0,0,0,5,0,0,0,0,0,0,6,6,1,0,0,0,0,9,0,0,7,0,0,0,2,0,0,0,4,0,0,3,1,0,0,0,0,0,2,20,0,10,0,0,0,1,0,3,0,0,0,0,0,0,0,1,2,2,18,0,0,0,2,3,0,484,0,971,24,1,8,6.694129763,0.205973223,4.428424305,2.732234809,4.943357364,4,1,4,1,5,2,5,2,24
286,13,2014,10,5,0,0,0,0,0,0,0,8,0,0,0,0,0,0,0,20,199,16,0,0,0,11,0,0,0,0,0,0,6,0,12,0,0,0,0,22,0,0,1,0,0,0,1,0,0,0,4,0,1,9,2,0,0,0,0,0,0,3,0,124,0,1,0,0,0,0,1,0,3,0,0,0,0,1,5,7,9,0,0,0,8,1,0,0,0,480,21,1,6,39.79166667,0.833333333,13.54166667,4.9125,17.29166667,3,1,3,2,4,3,2,5,23
287,13,2015,10,18,0,0,0,0,0,0,0,1,0,0,2,0,2,0,8,10,212,7,0,0,0,8,0,0,0,1,0,0,12,0,34,0,0,0,0,24,0,0,10,0,0,0,4,0,0,0,7,0,0,29,0,0,0,0,0,0,2,3,0,48,0,0,0,2,0,0,0,0,1,0,0,0,0,0,4,13,5,0,0,0,4,0,0,0,0,471,23,1,8,36.09341826,0.636942675,22.71762208,4.547770701,17.8343949,3,1,4,2,4,4,3,5,26
288,14,2012,6,2,0,0,19,0,0,0,0,172,0,0,0,0,0,0,0,0,226,0,0,0,0,0,0,0,1,0,0,0,2,1,2,0,0,7,0,0,0,0,7,0,0,0,8,21,0,0,0,0,4,0,0,0,0,0,0,0,1,0,0,13,0,0,0,0,2,1,1,0,0,0,0,0,1,0,0,0,2,0,0,0,0,3,0,0,0,496,17,4,4,46.97580645,1.814516129,1.008064516,4.995967742,6.25,2,4,2,3,2,1,1,2,17
289,14,2012,10,2,0,0,86,0,0,0,0,230,0,0,0,0,0,0,0,0,48,0,0,0,0,0,0,0,0,0,0,0,0,0,0,0,0,13,0,0,0,0,6,0,0,0,5,22,0,0,0,0,1,0,0,2,0,0,0,0,1,0,0,14,6,1,0,0,0,5,0,0,2,0,0,0,3,0,0,0,66,0,0,0,1,3,0,0,0,517,17,4,5,70.79303675,4.835589942,1.160541586,4.646034816,5.80270793,2,4,3,4,1,1,2,2,19
290,14,2012,11,5,0,0,133,0,0,0,0,355,0,0,0,0,0,0,0,0,104,1,0,0,0,2,0,0,0,0,0,0,4,0,0,0,0,9,2,0,0,0,6,0,0,0,29,31,0,0,0,1,4,0,0,0,0,0,0,0,9,0,0,19,0,0,0,0,0,4,0,3,0,0,0,0,5,0,0,0,268,0,0,0,9,12,0,0,0,1015,17,3,4,55.36945813,1.773399015,1.773399015,4.798029557,5.911330049,2,3,2,3,2,1,2,2,17
291,14,2013,10,0,0,0,190,0,0,0,0,82,0,0,0,0,0,0,0,0,22,0,0,0,0,0,0,0,0,0,0,0,1,0,0,0,0,62,0,0,0,0,0,0,0,0,5,70,0,0,0,0,3,0,0,1,0,0,0,0,0,0,0,29,0,1,0,0,0,0,0,1,0,0,0,0,6,1,0,0,3,0,0,0,0,1,0,0,0,478,13,3,3,77.19665272,13.38912134,0,4.577405858,15.06276151,1,3,2,5,1,1,3,5,21
292,14,2014,6,6,0,0,128,0,0,0,0,33,0,0,0,0,0,0,0,0,135,0,0,0,0,0,0,0,0,0,0,0,2,0,13,0,0,8,1,0,0,1,2,0,0,0,3,8,0,0,0,1,2,2,0,0,0,0,0,0,18,0,0,24,0,6,0,0,0,3,3,0,0,0,0,0,0,0,0,0,1,19,0,0,1,14,0,15,0,449,18,3,4,57.23830735,11.35857461,4.677060134,4.830734967,10.91314031,2,3,2,3,1,2,2,4,19
293,14,2014,10,0,0,0,65,0,0,0,0,109,0,0,0,0,0,0,0,0,133,0,0,3,0,0,0,0,0,0,0,0,3,0,0,0,0,16,0,0,0,10,0,0,0,0,4,8,0,0,0,0,17,0,0,1,0,0,0,0,0,0,0,13,2,1,0,0,0,0,0,0,0,0,0,0,2,0,0,0,112,0,0,0,1,17,0,0,0,517,15,3,4,46.80851064,4.448742747,2.127659574,5.110251451,5.609284333,2,3,2,3,1,1,1,2,15
294,14,2015,10,0,0,0,317,0,0,0,0,13,0,0,0,2,0,0,0,0,21,0,0,0,0,0,0,0,0,0,0,0,2,0,0,0,0,83,0,0,0,0,0,0,0,0,6,3,0,0,0,0,3,0,0,0,0,0,0,0,0,0,0,8,15,1,0,0,0,2,0,0,0,0,0,0,0,1,0,0,21,0,0,0,2,0,0,0,0,500,12,2,3,88.8,20.2,0.8,4.806,0.6,1,2,2,5,1,1,2,1,15
295,15,2002,6,2,0,0,0,0,0,0,0,34,0,0,1,0,0,0,0,0,126,1,0,1,0,0,0,1,0,0,0,0,47,0,14,0,0,1,10,1,0,1,11,1,0,0,29,1,0,0,0,0,1,0,0,0,1,0,0,0,0,5,1,5,0,1,0,18,0,1,0,3,0,0,0,0,0,2,0,0,0,0,0,0,0,0,0,2,0,322,20,3,6,29.50310559,1.242236025,16.45962733,4.313664596,8.074534161,3,3,3,1,3,4,3,3,23
296,15,2002,10,5,0,1,0,0,0,0,0,62,0,0,1,0,0,0,1,0,105,0,0,4,0,0,0,0,0,0,0,0,12,0,0,0,0,1,0,0,0,0,0,0,0,0,36,0,0,0,6,0,3,0,0,0,0,0,0,0,14,0,1,6,0,0,0,4,0,0,0,6,0,0,0,0,0,0,0,0,31,0,0,0,0,0,0,0,0,299,15,2,5,32.77591973,6.35451505,4.682274247,5.070234114,9.030100334,2,2,3,2,1,2,1,3,16
297,15,2003,6,0,0,0,0,0,0,0,0,94,0,0,1,0,0,0,0,0,108,0,0,0,0,0,0,0,0,0,0,0,36,0,16,0,0,0,17,0,0,0,2,0,0,0,159,7,0,0,1,0,0,0,0,0,0,0,0,0,0,0,0,4,0,0,0,33,0,2,0,3,0,0,0,0,0,6,0,0,7,0,0,0,4,0,0,0,0,500,11,0,3,30.8,0,14.8,3.97,8,1,1,2,2,5,4,4,3,22
298,15,2003,10,0,0,0,0,0,0,0,0,43,0,0,1,0,0,0,0,0,38,0,0,1,0,0,0,0,0,0,0,0,65,0,0,0,0,2,0,1,0,4,2,0,0,0,44,0,0,0,0,0,0,0,0,1,0,0,0,0,1,0,11,3,0,0,0,12,0,0,0,23,0,0,0,0,0,0,0,0,9,0,0,0,0,4,0,0,0,265,15,2,5,26.03773585,1.886792453,10.56603774,4.120754717,7.547169811,2,2,3,1,2,3,4,3,20
299,15,2004,6,2,0,0,0,0,0,0,0,108,0,0,2,0,0,0,0,1,141,9,0,2,0,0,0,0,0,0,0,0,74,1,33,0,0,0,4,1,0,0,11,0,0,0,56,2,0,0,16,0,0,2,0,0,0,0,0,0,0,2,0,9,0,0,0,25,0,0,0,4,0,0,0,0,1,1,0,0,1,0,0,1,1,1,0,0,0,511,22,1,6,40.11741683,0.587084149,18.39530333,4.066536204,8.806262231,3,1,3,2,4,4,4,3,24
300,15,2004,10,0,0,0,0,0,0,0,0,42,0,0,3,0,0,0,0,0,56,4,0,1,0,0,0,0,0,0,0,0,55,0,0,0,0,5,1,0,0,1,0,0,0,0,73,2,0,0,1,0,5,1,0,0,0,0,0,0,0,0,2,29,0,0,0,6,0,0,0,5,0,0,0,0,0,1,0,0,37,0,0,0,0,2,0,0,0,332,14,1,5,29.21686747,1.807228916,5.722891566,4.542168675,4.518072289,1,1,3,1,2,2,3,2,15
301,15,2005,6,2,0,0,0,0,0,0,0,106,0,0,2,0,0,0,0,0,203,1,0,0,0,0,0,0,0,0,0,0,38,0,3,0,0,1,2,0,0,0,1,0,0,0,13,0,0,0,5,0,0,0,0,0,0,0,0,0,0,0,0,8,0,0,0,22,0,0,0,1,0,0,0,0,1,3,0,0,68,0,0,0,1,0,0,1,0,482,16,2,4,30.49792531,0.20746888,7.468879668,4.904564315,5.186721992,2,2,2,2,5,2,2,2,19
302,15,2005,10,0,0,0,3,0,0,0,0,150,0,0,3,0,0,0,0,0,125,20,0,0,0,0,0,0,0,0,0,0,72,0,0,0,0,2,0,0,0,2,6,0,0,0,26,4,0,0,1,0,13,1,0,0,0,0,0,0,2,0,0,9,0,0,0,11,1,0,0,6,0,0,0,0,1,0,0,0,38,0,0,0,1,7,0,0,0,504,19,2,7,45.43650794,0.793650794,7.936507937,4.484126984,8.928571429,3,2,4,2,4,2,3,3,23
303,15,2006,6,2,0,0,0,0,0,0,0,122,0,0,0,0,0,0,0,0,113,2,0,0,0,0,0,0,0,0,0,0,32,5,5,0,0,0,0,0,0,0,2,0,1,0,15,0,0,0,1,0,0,0,0,0,0,0,0,0,0,2,0,13,0,0,0,51,0,0,1,1,0,0,0,0,0,5,0,0,115,0,0,0,2,0,0,0,0,490,15,1,4,41.02040816,0,12.85714286,4.573469388,12.44897959,2,1,2,2,5,3,3,5,23
304,15,2006,10,0,0,0,0,0,0,0,0,53,0,0,1,0,0,0,0,0,32,6,0,2,0,0,0,0,0,0,0,0,48,0,0,0,1,3,2,2,0,13,0,0,0,0,31,1,0,0,3,0,0,2,0,1,0,0,0,0,0,0,3,6,0,0,0,19,0,0,0,4,0,0,0,1,0,1,0,0,62,0,0,0,2,5,0,0,0,304,18,2,5,32.23684211,1.973684211,17.10526316,4.299342105,11.84210526,2,2,3,2,2,4,3,4,22
305,15,2007,6,0,0,0,0,0,0,0,0,88,0,0,4,0,0,0,0,0,75,0,0,0,0,0,0,0,0,0,0,0,91,1,11,0,0,0,14,0,0,0,5,0,0,0,123,0,0,0,2,0,0,0,0,0,0,0,0,0,0,0,1,0,0,0,0,33,0,1,0,0,0,0,0,0,0,3,0,0,42,0,0,0,9,1,0,0,0,504,11,0,3,29.96031746,0,14.88095238,4.023809524,6.944444444,1,1,2,2,5,4,4,3,22
306,15,2007,10,2,0,0,0,0,0,0,0,46,0,0,4,0,0,0,0,1,80,47,0,1,0,0,0,0,0,0,0,0,120,5,0,0,0,3,4,0,0,0,4,0,0,0,107,0,0,0,2,0,0,5,0,0,0,0,0,0,1,0,2,8,0,0,0,20,0,0,0,1,0,0,0,0,0,0,0,0,18,0,0,0,23,3,0,0,0,507,19,2,6,32.74161736,0.986193294,21.10453649,3.936883629,15.7790927,3,2,3,2,4,4,4,5,27
307,15,2008,6,8,0,0,0,0,0,0,0,143,0,0,1,0,0,0,0,0,74,1,0,0,0,0,0,0,0,0,0,0,55,0,8,0,0,2,6,0,0,0,6,0,0,0,72,7,0,0,10,1,1,0,0,0,0,0,1,0,0,2,0,13,0,1,0,15,0,3,0,4,0,0,0,1,3,4,0,0,47,0,0,1,4,0,0,1,0,495,22,2,7,41.61616162,0.808080808,10.3030303,4.246464646,6.464646465,3,2,4,2,4,3,4,2,24
308,15,2008,10,0,0,0,0,0,0,0,0,55,0,0,1,0,0,0,0,0,23,22,0,2,0,0,0,0,0,0,0,0,154,0,0,0,0,1,0,0,0,0,0,0,0,0,177,0,0,0,0,0,13,1,0,1,0,0,0,0,4,0,0,10,0,0,0,12,0,0,0,0,0,0,0,0,0,0,0,0,18,0,0,0,0,11,0,0,0,505,15,2,6,25.94059406,1.584158416,7.128712871,4.041584158,10.2970297,2,2,3,1,3,2,4,4,21
309,15,2009,6,2,0,0,0,0,0,0,0,166,0,0,2,0,0,0,0,0,64,0,0,0,0,0,0,0,0,0,0,0,33,1,13,0,0,1,3,0,0,0,4,0,0,0,104,2,0,0,2,0,0,1,0,0,0,0,0,0,0,11,0,1,1,0,0,13,0,9,0,1,0,0,0,0,0,4,0,0,71,0,0,0,1,2,0,0,0,512,18,2,6,42.578125,0.390625,10.7421875,4.26171875,3.90625,2,2,3,2,5,3,3,1,21
310,15,2009,10,1,0,0,0,0,0,0,0,89,0,0,1,0,0,0,0,0,39,19,0,3,0,0,0,0,0,0,0,0,86,1,0,0,0,0,1,0,0,0,2,0,0,0,164,14,0,0,7,0,2,9,0,0,0,0,0,0,0,0,0,5,0,1,0,19,0,2,1,5,0,0,0,0,5,1,0,0,22,0,0,1,0,0,0,0,0,500,18,1,5,29.6,1,11.6,3.992,11.8,2,1,3,1,4,3,4,4,22
311,15,2010,6,6,0,0,0,0,0,0,0,163,0,0,0,0,0,0,0,1,73,4,0,2,0,0,0,0,0,0,0,0,55,2,109,0,0,5,2,2,0,0,27,0,0,0,4,0,0,0,2,0,0,0,0,0,0,0,0,0,1,5,0,2,0,0,0,32,0,0,0,1,0,0,0,1,0,1,0,0,34,0,0,0,3,4,0,0,0,541,21,2,6,66.72828096,1.478743068,29.2051756,3.611829945,9.981515712,3,2,3,4,3,5,5,4,29
312,15,2010,10,0,0,0,0,0,0,0,0,62,0,0,1,0,0,2,3,0,27,26,0,3,0,0,0,0,0,0,0,0,128,0,0,0,0,8,0,0,0,0,4,0,0,0,35,25,0,0,8,1,63,10,0,0,0,0,0,0,6,0,0,20,0,0,0,10,0,0,1,1,0,0,0,0,4,1,1,0,47,0,0,0,0,1,0,0,0,498,19,1,7,42.97188755,3.413654618,11.64658635,4.138554217,14.85943775,3,1,4,2,2,3,4,5,24
313,15,2011,6,0,0,0,0,0,0,0,0,73,0,0,0,0,0,0,0,1,95,7,0,3,0,0,0,0,0,0,0,1,74,0,99,0,0,0,0,0,0,10,36,0,0,0,7,0,0,0,2,0,0,1,0,0,0,0,0,0,0,5,2,4,0,1,0,30,1,0,0,4,0,0,0,0,0,3,2,0,21,0,0,0,10,0,0,0,0,492,18,0,6,54.26829268,0.81300813,33.94308943,3.556910569,8.739837398,2,1,3,3,4,5,5,3,26
314,15,2011,10,12,0,0,0,0,0,0,0,27,0,0,1,0,0,0,0,0,40,44,0,6,0,0,0,0,0,0,0,0,122,1,0,0,0,57,0,0,0,23,12,0,0,0,43,1,0,0,18,2,11,20,0,0,0,0,0,0,0,1,2,19,0,4,0,13,0,0,0,8,0,0,0,2,1,2,10,0,15,0,0,0,1,1,0,0,0,519,22,2,7,42.9672447,12.90944123,24.08477842,4.021194605,15.02890173,3,2,4,2,1,4,4,5,25
315,15,2012,6,2,0,0,0,0,0,0,0,67,0,0,1,0,0,0,0,0,184,9,0,0,0,0,0,0,0,0,0,0,44,0,27,0,0,0,1,0,0,0,40,0,0,0,8,1,0,0,7,0,2,0,1,0,1,0,0,0,0,4,1,10,0,1,0,29,0,2,0,3,0,0,0,0,0,2,0,3,15,0,0,0,8,1,0,0,0,474,19,1,8,42.61603376,0.210970464,18.98734177,4.335443038,9.493670886,3,1,4,2,5,4,3,4,26
316,15,2012,10,8,0,0,0,0,0,0,0,7,0,0,0,0,0,0,0,2,88,28,0,5,0,0,0,0,0,0,0,0,131,4,2,0,0,8,1,1,0,17,5,0,0,0,7,0,0,0,11,7,28,14,0,0,0,0,0,0,0,0,0,44,0,0,0,2,0,0,1,7,0,0,0,0,14,0,13,0,0,0,0,0,41,1,0,0,0,497,20,2,4,37.82696177,2.615694165,23.34004024,4.068410463,10.46277666,3,2,2,2,2,4,4,4,23
317,15,2013,10,1,0,0,0,0,0,0,0,17,0,0,3,0,0,0,0,0,40,14,0,2,0,0,0,0,0,0,0,0,89,0,2,0,0,3,0,2,0,14,2,0,0,0,13,0,0,0,4,3,23,7,0,0,0,0,0,0,1,0,0,62,0,0,0,7,0,0,0,9,0,0,0,0,2,1,0,0,19,0,0,0,2,3,0,0,0,345,21,2,6,42.60869565,1.739130435,15.36231884,4.255072464,8.695652174,3,2,3,2,2,4,4,3,23
318,15,2014,6,0,0,2,1,0,0,0,0,10,0,0,0,2,0,0,0,1,36,1,0,2,0,0,0,0,0,0,0,1,162,0,1,0,0,1,3,0,0,0,61,0,0,13,18,0,0,0,4,0,0,0,0,0,0,0,0,0,9,0,2,0,0,0,0,12,0,3,2,0,0,0,0,0,0,1,3,0,3,1,0,0,0,0,0,0,0,355,18,2,3,28.16901408,4.225352113,7.887323944,4.154929577,11.54929577,2,2,2,1,1,2,4,4,18
319,15,2014,10,13,0,0,0,0,0,0,0,49,0,0,3,0,0,0,0,0,56,17,0,7,0,0,0,0,0,0,0,0,54,0,0,0,0,29,0,2,0,38,6,0,0,0,17,1,0,0,6,4,48,6,0,0,0,0,0,0,16,0,1,78,0,2,0,4,0,0,0,4,0,0,0,1,0,0,0,0,8,0,0,0,0,0,0,1,0,471,20,2,6,57.53715499,11.46496815,16.1358811,4.573248408,12.7388535,3,2,3,3,1,4,3,5,24
320,15,2015,10,2,0,0,0,0,0,0,0,96,0,0,11,0,0,0,0,0,5,12,0,0,0,0,0,0,0,0,0,0,71,0,10,0,0,0,4,2,0,0,40,0,0,2,21,0,0,0,45,0,0,21,0,0,0,0,0,0,1,0,13,16,0,4,0,0,0,0,0,0,0,0,0,0,0,3,29,0,39,0,0,0,2,6,0,0,0,455,17,1,6,48.57142857,1.098901099,25.93406593,3.287912088,5.494505495,2,1,3,3,4,4,5,2,24
321,16,2005,6,0,0,0,0,0,0,0,0,357,0,0,39,0,0,0,0,0,81,0,0,3,0,0,0,0,0,0,0,0,36,0,6,0,0,0,9,0,0,0,15,0,0,0,222,0,0,0,0,0,0,0,0,0,0,0,0,0,0,6,0,9,0,0,0,33,3,24,0,6,0,0,0,3,0,0,0,0,618,0,0,0,0,3,0,0,0,1473,15,0,6,31.97556008,0.203665988,8.350305499,4.804480652,2.851323829,2,1,3,2,5,2,2,1,18
322,16,2005,10,12,0,0,0,0,0,0,0,24,0,0,3,0,0,0,0,12,417,66,0,24,0,0,0,0,0,0,0,0,297,0,0,0,0,57,0,0,0,0,3,0,0,0,54,12,0,0,0,0,51,0,0,0,0,0,0,0,81,0,3,219,0,18,0,18,0,9,9,33,0,0,0,0,12,0,0,3,27,0,0,0,0,45,0,0,0,1509,20,2,7,39.56262425,11.92842942,6.560636183,5.049701789,18.68787276,3,2,4,2,1,2,1,5,20
323,16,2006,6,3,0,0,0,0,0,0,0,870,0,0,36,0,0,0,0,0,183,3,0,0,0,0,0,0,0,0,0,0,42,6,48,0,0,0,24,0,0,0,24,0,0,0,102,0,0,0,6,0,0,0,0,0,0,0,3,0,0,0,0,12,0,0,0,36,0,15,0,0,0,0,0,0,0,0,0,0,168,0,0,0,0,3,0,0,0,1584,14,1,6,65.53030303,0,10.60606061,4.193181818,3.21969697,1,1,3,4,5,3,4,1,22
324,16,2006,10,0,0,0,9,0,0,0,0,72,0,0,30,0,0,0,0,0,123,69,0,105,0,0,0,0,0,0,0,0,333,0,0,0,0,12,0,0,0,0,3,0,0,0,300,21,0,0,0,0,21,3,0,12,0,0,3,0,0,0,3,15,0,0,0,0,15,261,0,42,0,0,0,0,3,0,0,0,30,0,0,0,3,0,0,0,0,1488,19,3,5,17.94354839,8.669354839,25.80645161,4.268145161,14.91935484,3,3,3,1,1,4,3,5,23
325,16,2007,6,6,0,0,0,0,0,0,0,99,0,0,87,0,0,0,0,6,249,0,0,9,0,0,0,0,0,0,0,0,252,0,0,0,0,18,3,0,0,0,15,0,0,0,294,6,0,0,0,0,21,0,0,0,0,12,0,0,3,0,3,15,0,3,0,75,0,210,0,39,24,0,0,0,24,0,0,0,15,0,0,0,0,9,0,0,0,1497,20,2,6,23.44689379,4.609218437,25.250501,4.236472946,8.416833667,3,2,3,1,1,4,4,3,21
326,16,2007,10,18,0,0,0,0,0,3,0,30,0,0,93,0,0,0,0,9,144,81,0,51,0,0,0,0,0,0,0,0,234,0,0,0,0,39,6,0,0,3,0,0,0,0,153,24,0,0,0,0,90,3,0,3,3,0,6,0,6,0,18,291,0,0,0,3,0,69,0,75,0,0,0,0,39,0,0,0,3,0,0,0,0,15,0,0,0,1512,21,3,8,45.03968254,6.547619048,18.45238095,4.363095238,14.08730159,3,3,4,2,1,4,3,5,25
327,16,2008,6,0,0,0,12,0,0,0,0,171,0,0,102,0,0,0,0,3,189,21,0,27,0,0,0,3,0,0,0,0,186,0,3,0,0,15,0,0,0,0,12,0,0,0,84,0,0,0,12,0,216,3,0,0,0,24,0,0,3,6,0,33,0,3,0,141,0,39,30,30,0,0,0,0,0,0,0,0,105,0,0,0,0,42,0,0,0,1515,23,2,8,51.68316832,4.752475248,21.78217822,4.188118812,19.40594059,3,2,4,3,1,4,4,5,26
328,16,2008,10,3,0,0,0,0,0,0,0,90,0,0,6,0,0,0,0,0,306,3,0,18,0,0,0,0,0,0,0,0,165,0,0,0,0,24,0,0,0,3,0,0,0,0,186,45,0,0,0,0,18,0,0,0,0,0,0,0,6,0,0,30,0,0,0,3,0,102,3,15,0,0,0,0,3,0,0,0,459,0,0,0,0,39,0,0,0,1527,16,2,6,14.53831041,3.143418468,7.662082515,5.066797642,7.858546169,2,2,3,1,2,2,1,3,16
329,16,2009,6,0,0,0,0,0,0,0,0,432,0,0,24,0,0,0,0,3,48,3,0,3,0,0,0,0,0,0,0,0,78,0,3,0,0,6,3,0,3,0,9,0,0,0,156,0,0,0,3,0,6,0,0,3,0,0,0,0,0,0,0,0,0,0,0,24,3,159,0,9,6,0,0,0,0,0,0,0,579,0,0,0,0,9,0,0,0,1572,19,2,5,33.20610687,1.145038168,14.1221374,4.666030534,3.053435115,3,2,3,2,4,3,2,1,20
330,16,2009,10,6,0,0,75,0,0,0,0,186,0,0,18,0,0,0,0,6,228,0,0,195,0,0,0,3,3,0,0,0,180,0,0,0,0,27,0,0,0,6,0,0,0,0,111,60,0,0,0,0,27,0,0,3,0,0,0,0,3,0,24,15,45,0,0,24,0,84,3,15,3,0,0,0,3,0,0,0,81,0,0,0,0,6,0,0,0,1440,22,5,6,30.41666667,19.375,11.04166667,5.15625,21.45833333,3,5,3,2,1,3,1,5,23
331,16,2010,6,0,0,0,0,0,0,0,0,408,0,0,12,0,0,0,0,0,30,0,0,9,0,0,0,0,0,0,0,0,12,0,9,0,0,3,0,0,0,0,15,0,0,0,9,0,0,0,3,0,6,6,0,0,0,0,0,0,0,0,0,18,0,3,0,3,0,0,0,18,0,0,0,0,0,0,0,0,903,6,0,0,0,0,0,0,0,1473,16,1,4,32.79022403,1.425661914,2.240325866,5.289205703,0.814663951,2,1,2,2,3,1,1,1,13
332,16,2010,10,3,0,0,0,0,0,0,0,132,0,0,15,0,0,0,0,3,180,27,0,150,0,0,0,0,0,0,0,0,264,3,0,0,0,51,0,0,0,0,0,0,0,0,57,60,0,0,0,0,261,6,0,0,0,3,3,0,6,0,6,30,0,0,0,12,0,168,12,87,0,0,0,6,54,0,0,0,3,0,0,0,0,15,0,0,0,1617,22,2,7,34.69387755,12.98701299,14.84230056,4.673469388,18.18181818,3,2,4,2,1,4,2,5,23
333,16,2011,6,3,0,0,3,0,0,0,0,1014,0,0,12,0,0,0,0,0,108,6,0,0,0,0,0,0,3,0,0,0,15,0,78,0,0,0,0,3,0,3,99,0,0,0,96,0,0,0,6,0,9,0,0,0,0,0,0,0,0,3,3,33,0,0,0,12,0,0,0,24,0,0,0,0,0,0,0,6,75,0,0,0,0,0,0,0,0,1614,18,3,5,78.99628253,0.185873606,7.620817844,4.046468401,1.858736059,2,3,3,5,5,2,4,1,25
334,16,2011,10,0,0,0,27,0,0,0,0,24,0,0,12,138,0,0,0,6,153,66,0,6,0,0,0,0,0,0,0,0,291,0,36,0,0,15,3,3,0,15,0,0,0,0,78,3,0,0,0,15,243,6,0,0,0,0,0,0,0,0,9,78,0,48,0,3,0,123,3,48,0,6,0,0,3,3,0,3,3,0,0,0,0,0,0,0,0,1470,21,2,5,47.34693878,14.08163265,18.57142857,4.36122449,6.326530612,3,2,3,3,1,4,3,2,21
335,16,2012,6,54,0,0,6,0,0,0,0,90,0,0,0,0,0,0,0,3,186,3,0,12,0,0,0,0,0,0,0,0,0,0,36,0,0,0,9,6,0,3,144,0,0,0,21,0,0,0,6,66,21,6,0,0,0,3,0,0,0,0,0,78,0,0,0,12,0,0,0,24,0,0,0,0,18,0,0,0,0,0,0,0,0,3,0,0,0,810,18,2,4,55.92592593,1.851851852,9.259259259,4.466666667,11.85185185,2,2,2,3,2,3,3,4,21
336,16,2012,10,9,3,0,21,0,0,0,0,42,0,0,93,195,0,0,0,6,222,15,0,33,0,0,0,0,0,0,0,0,96,0,18,0,0,45,3,0,0,30,0,0,0,0,21,12,0,0,0,39,201,0,0,0,0,0,0,0,15,0,3,63,0,12,0,0,0,12,0,39,0,0,0,0,6,0,0,0,6,0,0,0,0,0,0,0,0,1260,20,3,5,57.85714286,23.80952381,14.04761905,5.014285714,7.380952381,3,3,3,3,1,3,1,3,20
337,16,2012,11,0,0,0,15,0,0,0,0,81,0,0,33,57,0,0,0,12,687,81,0,60,0,0,0,0,12,0,0,0,237,0,0,0,0,75,0,0,0,3,0,0,0,0,123,15,0,0,0,60,738,3,0,0,0,0,0,0,15,0,30,453,0,6,0,3,0,51,0,78,0,0,0,0,27,0,0,0,12,0,0,0,0,9,0,0,0,2976,21,3,7,53.125,7.560483871,6.85483871,4.76108871,6.552419355,3,3,4,3,1,2,2,2,20
338,16,2013,10,48,0,0,0,0,0,0,0,132,0,0,3,3,0,0,0,6,99,69,0,9,0,0,0,0,0,0,0,0,327,0,6,0,0,21,3,0,0,0,0,0,0,0,57,27,0,0,0,6,156,0,0,0,0,3,0,0,15,0,78,150,3,3,0,0,0,96,0,0,3,0,0,0,0,0,0,0,51,0,0,0,66,9,0,0,0,1449,21,2,7,47.20496894,4.140786749,22.15320911,4.01863354,12.83643892,3,2,4,3,1,4,4,5,26
339,16,2014,6,6,0,0,6,0,0,0,0,30,0,0,9,12,0,0,0,9,189,39,0,18,0,0,0,0,0,0,0,0,228,0,0,0,0,3,0,0,0,0,12,0,0,0,21,39,0,0,0,0,24,18,0,0,0,12,0,0,0,0,0,87,0,6,0,15,0,9,6,36,0,3,0,3,3,0,0,0,0,0,0,0,0,0,0,0,0,843,21,3,5,31.67259786,6.049822064,11.03202847,4.569395018,17.08185053,3,3,3,2,1,3,3,5,23
340,16,2014,10,6,6,12,3,27,0,0,0,6,0,0,0,0,0,0,0,0,84,0,0,108,0,0,6,0,0,0,0,0,420,0,3,0,0,24,0,0,0,0,0,3,0,0,72,24,0,0,0,0,57,0,6,9,0,3,0,0,12,0,18,177,0,0,54,18,0,15,21,90,0,0,3,3,0,0,93,0,9,0,0,0,0,63,0,12,0,1467,27,5,7,31.08384458,10.83844581,11.24744376,4.167689162,20.85889571,4,5,4,2,1,3,4,5,28
341,16,2015,10,6,18,0,9,0,0,0,0,27,0,0,0,0,0,0,0,9,138,0,0,0,0,0,0,0,0,0,0,0,69,0,0,0,0,36,0,3,0,0,0,0,0,0,24,21,0,0,0,6,27,0,0,0,0,0,0,0,6,0,0,108,3,0,0,6,0,0,0,48,0,0,0,0,0,0,0,0,12,0,0,0,0,0,0,0,0,576,16,3,4,39.58333333,7.8125,4.166666667,4.9375,11.97916667,2,3,2,2,1,1,2,4,17
342,17,2005,6,5,0,0,0,0,0,0,0,0,0,0,0,0,0,0,0,0,0,0,0,0,0,0,0,0,0,0,0,0,0,0,0,0,0,0,0,0,0,0,0,0,0,0,0,0,0,0,0,0,0,0,0,0,0,0,0,0,0,0,0,0,0,0,0,0,0,0,0,0,0,0,0,0,0,0,0,0,0,0,0,0,0,0,0,0,0,5,1,1,0,100,0,0,5,100,1,1,1,5,5,1,1,5,20
